X_m;Y_m;Z_m;Lon_d;Lat_d;Alt_m;e_rate;n_rate;e_adj;n_adj;e_err;n_err;RHO;h_rate;h_adj;err_h;MARK;SITE;Country
1324947.743;4547063.669;4260975.701;73.75465095;42.16804106;2263.1845;-0.16;3.25;-0.16;3.25;0.07;0.08;0.026;0.55;0.55;0.22;AAC4;AACH;Kyrgyzstan
1324945.818;4547062.314;4260977.35;73.75466873;42.16806318;2262.92874;-0.16;3.25;-0.16;3.25;0.07;0.08;0.026;0.55;0.55;0.22;AACH;AACH;Kyrgyzstan
1468141.071;4531968.126;4228489.91;72.05015397;41.78407564;1109.20942;-13.78;8.27;-13.78;8.27;0.07;0.07;0.029;1.89;1.89;0.27;ABD4;ABDU;Kyrgyzstan
1468168.951;4531956.227;4228482.646;72.04979088;41.78404324;1102.33522;-13.78;8.27;-13.78;8.27;0.07;0.07;0.029;1.89;1.89;0.27;ABD5;ABDU;Kyrgyzstan
1468140.386;4531968.3;4228489.888;72.05016245;41.78407576;1109.16089;-13.78;8.27;-13.78;8.27;0.07;0.07;0.029;1.89;1.89;0.27;ABD6;ABDU;Kyrgyzstan
1468153.615;4531963.126;4228487.801;72.04999192;41.78406682;1107.13973;-13.78;8.27;-13.78;8.27;0.07;0.07;0.029;1.89;1.89;0.27;ABDU;ABDU;Kyrgyzstan
1109886.304;4606443.597;4258662.103;76.45323782;42.13992183;2267.24378;0.2;6.3;0.2;6.3;0.09;0.1;0.017;0.34;0.34;0.32;ABS4;ABSH;Kyrgyzstan
1265307.013;4639429.246;4179327.5;74.74478787;41.18400778;2282.95817;-1.35;7.77;-1.35;7.77;0.09;0.09;0.025;1.45;1.45;0.27;ACH4;ACH4;Kyrgyzstan
1146253.787;4440173.419;4419007.12;75.52483547;44.13150552;597.64088;-1.27;1.07;-1.27;1.07;0.11;0.13;-0.002;1.41;1.41;0.42;ADA1;ADAR;Kazakhstan
1146256.085;4440175.018;4419007.102;75.52481267;44.13149211;599.15198;-1.27;1.07;-1.27;1.07;0.11;0.13;-0.002;1.41;1.41;0.42;ADA4;ADAR;Kazakhstan
1146253.838;4440176.603;4419006.181;75.5248448;44.13148006;599.20848;-1.27;1.07;-1.27;1.07;0.11;0.13;-0.002;1.41;1.41;0.42;ADA5;ADAR;Kazakhstan
1146246.084;4440170.963;4419012.239;75.52492098;44.13156556;598.11613;-1.27;1.07;-1.27;1.07;0.11;0.13;-0.003;1.41;1.41;0.42;ADA6;ADAR;Kazakhstan
1146251.843;4440176.442;4419006.568;75.52486844;44.13148666;599.00861;-1.27;1.07;-1.27;1.07;0.11;0.13;-0.002;1.41;1.41;0.42;ADAR;ADAR;Kazakhstan
815412.6281;4609606.6;4320335.257;79.96848429;42.89625717;1864.97567;1.27;7.02;1.27;7.02;0.14;0.15;0.009;0.69;0.69;0.53;AIB4;AIB4;Kazakhstan
1081917.431;4611590.571;4259830.337;76.79671881;42.15654953;1966.8741;0.14;7.07;0.14;7.07;0.1;0.11;-0.005;-0.1;-0.1;0.37;AKA4;AKAY;Kyrgyzstan
1070472.225;4620686.124;4252929.565;76.95641718;42.07269866;1982.34508;0.24;8.34;0.24;8.34;0.06;0.06;0.01;0.17;0.17;0.16;AKB4;AKBA;Kyrgyzstan
1070471.906;4620684.018;4252930.499;76.95641519;42.0727177;1981.395;0.24;8.34;0.24;8.34;0.06;0.06;0.01;0.17;0.17;0.16;AKB7;AKBA;Kyrgyzstan
1070473.967;4620685.546;4252928.681;76.95639511;42.07269378;1981.62697;0.24;8.34;0.24;8.34;0.06;0.06;0.01;0.17;0.17;0.16;AKBA;AKBA;Kyrgyzstan
1235046.661;4633239.042;4194258.313;75.07416799;41.36728496;1719.95926;-1.29;7.74;-1.29;7.74;0.13;0.15;-0.014;2.17;2.17;0.49;AKC4;AKC4;Kyrgyzstan
734307.323;4222493.55;4708489.904;80.13471174;47.88170583;572.62805;-2.73;-0.07;-2.73;-0.07;0.4;0.43;0.021;-0.97;-0.97;1.64;AKD4;AKDR;Kazakhstan
734307.3135;4222492.075;4708491.566;80.13470849;47.88172555;572.88533;-2.73;-0.07;-2.73;-0.07;0.4;0.43;0.021;-0.97;-0.97;1.64;AKD5;AKDR;Kazakhstan
734305.2612;4222495.321;4708488.271;80.13474295;47.88168669;572.35078;-2.73;-0.07;-2.73;-0.07;0.4;0.43;0.021;-0.97;-0.97;1.64;AKDR;AKDR;Kazakhstan
1465705.477;4550108.488;4209430.315;72.14493222;41.55707496;772.6259;-2.55;2.69;-2.55;2.69;0.07;0.07;-0.005;0.67;0.67;0.2;AKJ4;AKJL;Kyrgyzstan
1465704.376;4550104.058;4209437.853;72.14492851;41.55715293;774.21798;-2.55;2.69;-2.55;2.69;0.07;0.07;-0.005;0.67;0.67;0.2;AKJ5;AKJL;Kyrgyzstan
1465705.845;4550109.881;4209428.701;72.14493314;41.55705549;772.63139;-2.55;2.69;-2.55;2.69;0.07;0.07;-0.005;0.67;0.67;0.2;AKJ6;AKJL;Kyrgyzstan
1465701.841;4550102.74;4209441.621;72.14495258;41.55719046;775.19773;-2.55;2.69;-2.55;2.69;0.07;0.07;-0.005;0.67;0.67;0.2;AKJL;AKJL;Kyrgyzstan
1065003.225;4559906.683;4320026.61;76.85376406;42.88532074;2719.80275;0.09;2.62;0.09;2.62;0.1;0.11;0.019;0.45;0.45;0.37;AKK4;AKKM;Kyrgyzstan
1174486.398;4699122.773;4140844.441;75.96713381;40.71713211;3341.22681;-0.22;11.68;-0.22;11.68;0.07;0.07;0.002;5.69;5.69;0.18;AKS4;AKSA;Kyrgyzstan
1174494.525;4699126.209;4140832.88;75.9670504;40.7170221;3337.70507;-0.22;11.68;-0.22;11.68;0.07;0.07;0.002;5.69;5.69;0.18;AKS5;AKSA;Kyrgyzstan
1174469.056;4699107.057;4140865.157;75.96728775;40.71738763;3339.99682;-0.22;11.68;-0.22;11.68;0.07;0.07;0.002;5.69;5.69;0.18;AKS6;AKSA;Kyrgyzstan
1174491.113;4699124.162;4140840.128;75.96708368;40.71708806;3340.3006;-0.22;11.68;-0.22;11.68;0.07;0.07;0.002;5.69;5.69;0.18;AKSA;AKSA;Kyrgyzstan
946539.4081;4669792.872;4230970.293;78.54172175;41.79522583;3445.16147;0.81;10.68;0.81;10.68;0.09;0.1;0.026;1.46;1.46;0.33;AKH4;AKSH;Kyrgyzstan
946539.3492;4669790.208;4230974.462;78.54171608;41.79526954;3445.98496;0.81;10.68;0.81;10.68;0.09;0.1;0.026;1.46;1.46;0.33;AKH5;AKSH;Kyrgyzstan
1106731.182;4570098.134;4297739.373;76.38687669;42.61850584;1961.61808;-0.04;3.39;-0.04;3.39;0.07;0.07;0.013;-0.48;-0.48;0.21;AKTE;AKTE;Kyrgyzstan
1106725.361;4570100.135;4297740.783;76.38695136;42.61851168;1962.99629;-0.04;3.39;-0.04;3.39;0.07;0.07;0.013;-0.48;-0.48;0.21;KTE4;AKTE;Kyrgyzstan
817650.5562;4567750.474;4362921.234;79.85125136;43.42706242;1223.52014;1.34;5.38;1.34;5.38;0.18;0.2;0.006;1.33;1.33;0.74;AKT4;AKTO;Kazakhstan
1116971.348;4546677.61;4320824.465;76.19762055;42.89520947;2709.00967;-0.78;1.88;-0.78;1.88;0.08;0.09;0.004;0.57;0.57;0.25;AKTY;AKTY;Kyrgyzstan
1116980.551;4546680.307;4320820.037;76.19751905;42.89515079;2709.52313;-0.78;1.88;-0.78;1.88;0.08;0.09;0.004;0.57;0.57;0.25;KTY4;AKTY;Kyrgyzstan
1213059.138;4630591.581;4203811.285;75.32030512;41.48046351;1908.8404;-0.88;6.12;-0.88;6.12;0.11;0.12;-0.008;1.82;1.82;0.42;AKU4;AKU4;Kyrgyzstan
1253820.879;4526292.101;4302789.339;74.51682211;42.68519018;1371.68869;-1.04;2.43;-1.04;2.43;0.06;0.06;-0.006;-1.26;-1.26;0.1;ALAA;ALAA;Kyrgyzstan
1524615.254;4546130.547;4193459.914;71.46032505;41.36219457;1154.01654;-1.72;2.1;-1.72;2.1;0.07;0.07;0.006;0.85;0.85;0.21;ALA4;ALAB;Kyrgyzstan
1524619.586;4546123.504;4193466.977;71.46024921;41.36227382;1154.70555;-1.72;2.1;-1.72;2.1;0.07;0.07;0.006;0.85;0.85;0.21;ALA5;ALAB;Kyrgyzstan
1524613.805;4546133.364;4193457.324;71.46035217;41.36216393;1153.964;-1.72;2.1;-1.72;2.1;0.07;0.07;0.006;0.85;0.85;0.21;ALA6;ALAB;Kyrgyzstan
1524615.783;4546133.696;4193456.226;71.46033102;41.36215089;1153.94664;-1.72;2.1;-1.72;2.1;0.07;0.07;0.006;0.85;0.85;0.21;ALAB;ALAB;Kyrgyzstan
1236114.17;4522675.811;4310971.852;74.71355441;42.78926971;913.47989;-0.5;1.69;-0.5;1.69;0.13;0.13;-0.011;0.77;0.77;0.38;ALAT;ALAT;Kyrgyzstan
1129678.75;4587822.2;4272522.48;76.16700795;42.31339289;1653.64551;-0.03;4.73;-0.03;4.73;0.07;0.07;0.012;-0.12;-0.12;0.21;ALB1;ALBL;Kyrgyzstan
1129683.839;4587826.635;4272517.45;76.16696089;42.31332595;1654.34364;-0.03;4.73;-0.03;4.73;0.07;0.07;0.012;-0.12;-0.12;0.21;ALB5;ALBL;Kyrgyzstan
1129680.411;4587820.042;4272524.188;76.16698214;42.31341455;1653.53919;-0.03;4.73;-0.03;4.73;0.07;0.07;0.012;-0.12;-0.12;0.21;ALB6;ALBL;Kyrgyzstan
1129772.664;4587888.255;4272432.793;76.16609367;42.31227133;1657.30408;3.87;-6.13;3.87;-6.13;4.22;4.22;0.049;-100.35;-100.35;18.4;ALBL;ALBL;Kyrgyzstan
1504155.994;4701187.111;4030368.425;72.25780351;39.4213436;2845.80289;-6.32;10.82;-6.32;10.82;0.08;0.08;0.019;0.44;0.44;0.26;ALD4;ALDR;Kyrgyzstan
1504154.481;4701186.685;4030369.682;72.25781874;39.42135729;2845.93208;-6.32;10.82;-6.32;10.82;0.08;0.08;0.019;0.44;0.44;0.26;ALD5;ALDR;Kyrgyzstan
1504155.916;4701186.4;4030369.304;72.25780187;39.42135371;2845.81979;-6.32;10.82;-6.32;10.82;0.08;0.08;0.019;0.44;0.44;0.26;ALDR;ALDR;Kyrgyzstan
1379975.521;4576730.118;4211475.191;73.22089218;41.57146532;2051.93615;-1.56;4.89;-1.56;4.89;0.06;0.07;0.034;0.54;0.54;0.18;LJM4;ALJM;Kyrgyzstan
1674556.95;4534281.057;4148520.731;69.73028975;40.82859019;737.87627;62.04;-151.38;62.04;-151.38;359.62;351.3;-0.014;-28.94;-28.94;437.04;ALM1;ALMA;Uzbekistan
1674557.468;4534279.212;4148521.999;69.73027642;40.82860796;737.53189;62.04;-151.38;62.04;-151.38;359.62;351.3;-0.014;-28.94;-28.94;437.04;ALM4;ALMA;Uzbekistan
1674559.114;4534281.541;4148518.815;69.73026767;40.82857005;737.53464;62.04;-151.38;62.04;-151.38;359.62;351.3;-0.014;-28.94;-28.94;437.04;ALM5;ALMA;Uzbekistan
1447524.807;4616546.2;4143277.352;72.59110733;40.76609811;754.40605;293.75;-517.72;293.75;-517.72;356.69;370.88;-0.014;49.25;49.25;530.15;ALS4;ALS4;Uzbekistan
1447527.999;4616544.506;4143278.446;72.59106526;40.76610945;754.61894;293.75;-517.72;293.75;-517.72;356.69;370.88;-0.014;49.25;49.25;530.15;ALS5
975618.3449;4498458.068;4401188.482;77.7632909;43.90804529;652.06444;-0.46;1.29;-0.46;1.29;0.14;0.16;-0.002;2.93;2.93;0.57;ALT4;ALTY;Kazakhstan
975620.4901;4498457.968;4401187.91;77.76326454;43.90803936;651.92482;-0.46;1.29;-0.46;1.29;0.14;0.16;-0.002;2.93;2.93;0.57;ALT5;ALTY;Kazakhstan
975622.2524;4498457.917;4401186.945;77.76324297;43.90803108;651.48913;-0.46;1.29;-0.46;1.29;0.14;0.16;-0.002;2.93;2.93;0.57;ALT6;ALTY;Kazakhstan
975621.5646;4498455.743;4401188.549;77.7632456;43.90805565;650.96536;-0.46;1.29;-0.46;1.29;0.14;0.16;-0.002;2.93;2.93;0.57;ALTY;ALTY;Kazakhstan
1322602.801;4687705;4107495.678;74.24396262;40.33079287;2226.83887;-1.9;10.73;-1.9;10.73;0.11;0.13;0.045;-9.78;-9.78;0.41;ALU1;ALUN;Kyrgyzstan
1322577.783;4687724.396;4107486.395;74.24430781;40.33065998;2229.88211;-1.9;10.73;-1.9;10.73;0.11;0.13;0.045;-9.78;-9.78;0.41;ALU2;ALUN;Kyrgyzstan
1322580.44;4687726.345;4107483.421;74.24428395;40.33062444;2229.93805;-1.9;10.73;-1.9;10.73;0.11;0.13;0.045;-9.78;-9.78;0.41;ALU7;ALUN;Kyrgyzstan
1322579.558;4687726.035;4107484.492;74.24429295;40.33063492;2230.22105;-1.9;10.73;-1.9;10.73;0.11;0.13;0.045;-9.78;-9.78;0.41;ALUN;ALUN;Kyrgyzstan
1640569.496;4486106.374;4213738.208;69.91252944;41.6080664;879.81268;-137.03;-384.98;-137.03;-384.98;464.44;482.4;-0.042;-7.05;-7.05;740.52;ALZ4;ALZR;Uzbekistan
1006664.959;4579879.993;4311738.449;77.60342452;42.79035569;1911.61709;-0.12;4.73;-0.12;4.73;0.06;0.06;0.017;-1.08;-1.08;0.16;ANA4;ANAN;Kyrgyzstan
1006668.125;4579880.416;4311735.418;77.60338785;42.79032899;1910.35998;-0.12;4.73;-0.12;4.73;0.06;0.06;0.017;-1.08;-1.08;0.16;ANA5;ANAN;Kyrgyzstan
1006673.835;4579876.154;4311736.291;77.60330852;42.79035271;1908.79812;-0.12;4.73;-0.12;4.73;0.06;0.06;0.017;-1.08;-1.08;0.16;ANA6;ANAN;Kyrgyzstan
1006645.648;4579808.07;4311845.01;77.60346631;42.79151418;1929.41539;0.25;0.75;0.25;0.75;0.89;0.99;0.042;11.08;11.08;4.17;ANAN;ANAN;Kyrgyzstan
1719377.897;4602166.137;4056733.215;69.51421755;39.73678242;1844.04197;-0.87;2.55;-0.87;2.55;0.08;0.09;0.01;0.27;0.27;0.3;AND1;ANDR;Kyrgyzstan
1719378.952;4602166.766;4056732.397;69.51420859;39.73677123;1844.25645;-0.87;2.55;-0.87;2.55;0.08;0.09;0.01;0.27;0.27;0.3;AND4;ANDR;Kyrgyzstan
1719377.778;4602165.013;4056734.189;69.51421426;39.73679546;1843.82315;-0.87;2.55;-0.87;2.55;0.08;0.09;0.01;0.27;0.27;0.3;AND5;ANDR;Kyrgyzstan
1719376.325;4602166.146;4056733.688;69.51423475;39.73678881;1843.92784;-0.87;2.55;-0.87;2.55;0.11;0.05;0.012;0.27;0.27;0.3;ANDR;ANDR;Kyrgyzstan
1652580.856;4545274.31;4146446.641;70.01963418;40.79821127;1471.70199;4.6;-240.06;4.6;-240.06;439.43;434.63;-0.019;-60.97;-60.97;536.18;ANG4;ANGR;Uzbekistan
1652575.496;4545273.496;4146447.234;70.01969057;40.79823059;1470.12425;4.6;-240.06;4.6;-240.06;439.43;434.63;-0.019;-60.97;-60.97;536.18;ANGR;ANGR;Uzbekistan
355942.6928;3887450.782;5027288.796;84.76847208;52.35676828;180.03125;-27.06;827.51;-27.06;827.51;407.77;423.5;0.007;178.88;178.88;729.6;ANUI;ANUI;Russia
1010024.086;4651830.871;4236504.236;77.74985184;41.85956259;3754.25092;0.33;9.46;0.33;9.46;0.07;0.08;0.017;2.42;2.42;0.24;ARA4;ARAB;Kyrgyzstan
1010021.984;4651829.819;4236506.08;77.74987387;41.85958379;3754.38382;0.33;9.46;0.33;9.46;0.08;0.08;0.015;2.42;2.42;0.24;ARA5;ARAB;Kyrgyzstan
1010020.934;4651826.701;4236510.707;77.74987826;41.85963444;3755.03635;0.33;9.46;0.33;9.46;0.07;0.08;0.017;2.42;2.42;0.24;ARA6;ARAB;Kyrgyzstan
1010034.222;4651831.647;4236497.692;77.74973459;41.85950127;3752.05063;0.33;9.46;0.33;9.46;0.07;0.08;0.017;2.42;2.42;0.24;ARAB;ARAB;Kyrgyzstan
731433.8675;4794113.101;4130286.594;81.32532538;40.61033603;948.90223;2.89;10.65;2.89;10.65;2.7;2.01;0.087;-64.46;-64.46;9.04;ARAC;ARAL;Kyrgyzstan
1290488.461;4576250.248;4239376.119;74.25171174;41.91180007;1583.27314;-0.95;4.02;-0.95;4.02;0.07;0.07;0.019;0.59;0.59;0.23;RAL4;ARAL;Kyrgyzstan
592974.2484;4389210.465;4575109.618;82.30602893;46.12139234;692.68988;0.75;3.44;0.75;3.44;0.47;0.49;0.044;-1.68;-1.68;1.97;ARAS;ARAS;Kazakhstan
592975.8338;4389209.026;4575111.04;82.30600612;46.12140907;692.8735;0.75;3.44;0.75;3.44;0.47;0.49;0.044;-1.68;-1.68;1.97;RAS4;ARAS;Kazakhstan
592980.6429;4389211.952;4575106.237;82.30594953;46.12135615;691.86804;0.75;3.44;0.75;3.44;0.47;0.49;0.044;-1.68;-1.68;1.97;RAS5;ARAS;Kazakhstan
1100574.013;4643055.257;4221920.283;76.66491758;41.69278898;2608.6976;-0.07;8.75;-0.07;8.75;0.12;0.14;-0.079;2.2;2.2;0.48;ARC4;ARCH;Kyrgyzstan
1100582.525;4643056.67;4221917.351;76.66482204;41.69274929;2609.23971;-0.07;8.75;-0.07;8.75;0.12;0.14;-0.079;2.2;2.2;0.48;ARC5;ARCH;Kyrgyzstan
1100575.953;4643055.79;4221918.965;76.6648964;41.69277434;2608.54196;-0.07;8.75;-0.07;8.75;0.12;0.14;-0.079;2.2;2.2;0.48;ARCH;ARCH;Kyrgyzstan
787568.6601;4315182.59;4615391.258;79.65672816;46.64891066;456.49448;-0.52;1.35;-0.52;1.35;0.52;0.54;0.069;5.17;5.17;2.23;ARG4;ARGN;Kazakhstan
787564.4774;4315184.895;4615389.673;79.65678731;46.64889096;456.38304;-0.52;1.35;-0.52;1.35;0.52;0.54;0.069;5.17;5.17;2.23;ARG5;ARGN;Kazakhstan
787568.0527;4315184.609;4615389.37;79.6567407;46.64888672;456.40996;-0.52;1.35;-0.52;1.35;0.52;0.54;0.069;5.17;5.17;2.23;ARGN;ARGN;Kazakhstan
1265447.199;4666323.815;4150901.908;74.82704517;40.83744914;3240.85447;-0.93;8.52;-0.93;8.52;0.07;0.07;0.005;1.98;1.98;0.19;ARP0;ARP0;Kyrgyzstan
1265449.896;4666322.341;4150903.051;74.82700975;40.83746114;3241.0595;-0.93;8.52;-0.93;8.52;0.07;0.07;0.005;1.98;1.98;0.19;ARP4;ARP0;Kyrgyzstan
1265450.93;4666322.998;4150901.547;74.82699996;40.83744558;3240.76055;-0.93;8.52;-0.93;8.52;0.07;0.07;0.005;1.98;1.98;0.19;ARP5;ARP0;Kyrgyzstan
1265446.408;4666323.756;4150902.146;74.82705403;40.83745231;3240.81041;-0.93;8.52;-0.93;8.52;0.07;0.07;0.005;1.98;1.98;0.19;ARP6;ARP0;Kyrgyzstan
1405907.394;4593191.021;4183416.291;72.9814303;41.24336615;960.20116;-2.4;4.84;-2.4;4.84;0.08;0.09;0;0.53;0.53;0.26;ARS0;ARS0;Kyrgyzstan
1405893.696;4593158.217;4183457.708;72.98147201;41.24385649;960.90552;-2.4;4.84;-2.4;4.84;0.08;0.09;0;0.53;0.53;0.26;ARS4;ARS0;Kyrgyzstan
1405903.119;4593171.259;4183440.599;72.98141007;41.24365029;961.07755;-2.4;4.84;-2.4;4.84;0.08;0.09;0;0.53;0.53;0.26;ARS5;ARS0;Kyrgyzstan
1405912.751;4593201.589;4183400.949;72.98140609;41.24319301;958.86398;-2.4;4.84;-2.4;4.84;0.08;0.09;0;0.53;0.53;0.26;ARS6;ARS0;Kyrgyzstan
187451.6028;3948436.101;4989336.189;87.28192952;51.79856319;461.48578;-13.58;223.45;-13.58;223.45;227.97;254.15;-0.05;326.73;326.73;527.46;ARTB;ARTB;Russia
187527.5587;3948450.722;4989323.787;87.28083986;51.79836568;462.99955;-13.58;223.45;-13.58;223.45;227.97;254.15;-0.05;326.73;326.73;527.46;ARTH;ARTH;Russia
1385428.935;4688407.585;4085568.845;73.53753945;40.07479022;1903.1934;-0.91;8.14;-0.91;8.14;0.12;0.12;0.07;1.13;1.13;0.78;ASK4;ASKL;Kyrgyzstan
1385427.75;4688412.534;4085565.023;73.5375692;40.07473832;1904.10723;-0.91;8.14;-0.91;8.14;0.12;0.12;0.07;1.13;1.13;0.78;ASK5;ASKL;Kyrgyzstan
1385429.492;4688409.264;4085566.865;73.53753877;40.07476633;1903.27149;-0.91;8.14;-0.91;8.14;0.12;0.12;0.07;1.13;1.13;0.78;ASKL;ASKL;Kyrgyzstan
634028.5833;4051015.41;4869559.102;81.1047421;50.09099607;352.3269;-1.51;-0.21;-1.51;-0.21;0.34;0.37;0.021;-0.21;-0.21;1.36;ASKR;ASKR;Kazakhstan
634030.7169;4051017.908;4869556.736;81.10471804;50.09096313;352.30741;-1.51;-0.21;-1.51;-0.21;0.34;0.37;0.021;-0.21;-0.21;1.36;ASR4;ASKR;Kazakhstan
1334198.223;4502393.132;4304303.26;73.49381583;42.70024497;1791.12972;-1.28;0.21;-1.28;0.21;0.22;0.21;0.021;-0.68;-0.68;0.8;ASP4;ASPR;Kyrgyzstan
955033.0712;4550818.395;4354030.83;78.14792393;43.30961687;2093.64683;0.35;3.08;0.35;3.08;0.21;0.22;0.004;-0.62;-0.62;0.93;ASS4;ASSY;Kazakhstan
1053131.871;4549187.697;4334105.679;76.96569735;43.05853395;2710.22225;-0.75;3.08;-0.75;3.08;0.17;0.18;0;0.95;0.95;0.79;AST4;ASTR;Kazakhstan
1053133.891;4549186.377;4334106.755;76.96566955;43.05854612;2710.35014;-0.75;3.08;-0.75;3.08;0.17;0.18;0;0.95;0.95;0.79;AST5;ASTR;Kazakhstan
1053135.935;4549181.707;4334110.237;76.96563219;43.05859412;2709.74029;-0.75;3.08;-0.75;3.08;0.17;0.18;0;0.95;0.95;0.79;AST6;ASTR;Kazakhstan
1053131.562;4549184.094;4334108.238;76.96569107;43.05857276;2709.35403;-0.75;3.08;-0.75;3.08;0.17;0.18;0;0.95;0.95;0.79;ASTR;ASTR;Kazakhstan
1055691.779;4525340.227;4355288.323;76.86863064;43.33700763;699.0983;0.04;1.3;0.04;1.3;0.58;0.67;0.003;-18.16;-18.16;2.6;ATAK;ATAK;Kazakhstan
1026659.319;4487829.744;4400117.602;77.11444723;43.89656766;432.96526;0.09;1.86;0.09;1.86;0.15;0.17;-0.001;-0.75;-0.75;0.66;AZO4;AZOK;Kazakhstan
1026659.2;4487829.879;4400117.302;77.11444905;43.89656506;432.83331;0.09;1.86;0.09;1.86;0.15;0.17;-0.001;-0.75;-0.75;0.66;AZO5;AZOK;Kazakhstan
1026661.746;4487827.72;4400119.399;77.11441217;43.89658825;433.17952;0.09;1.86;0.09;1.86;0.15;0.17;-0.001;-0.75;-0.75;0.66;AZO6;AZOK;Kazakhstan
1026660.877;4487827.611;4400117.437;77.11442241;43.8965774;431.60294;0.09;1.86;0.09;1.86;0.15;0.17;-0.001;-0.75;-0.75;0.66;AZOK;AZOK;Kazakhstan
1419338.457;4721244.471;4038564.157;73.26774876;39.51250903;3440.62881;-2.22;8.1;-2.22;8.1;0.12;0.13;-0.012;-0.37;-0.37;0.55;BAB4;BABA;Kyrgyzstan
1419339.33;4721240.758;4038567.257;73.26772661;39.51254949;3440.0516;-2.22;8.1;-2.22;8.1;0.12;0.13;-0.012;-0.37;-0.37;0.55;BAB5;BABA;Kyrgyzstan
1419338.003;4721242.125;4038566.292;73.26774596;39.51253747;3440.15299;-2.22;8.1;-2.22;8.1;0.12;0.13;-0.012;-0.37;-0.37;0.55;BABA;BABA;Kyrgyzstan
975420.6085;4811570.729;4059629.345;78.5400785;39.77649165;1071.47591;0.29;16.08;0.29;16.08;0.36;0.32;-0.008;-4.05;-4.05;1.19;BACH;BACH;China
141176.7873;4045991.92;4913658.156;88.00158926;50.70296732;1259.86082;-0.66;0.3;-0.66;0.3;0.75;0.77;0.02;-8.01;-8.01;3.57;BALY;BALY;Russia
1018294.414;4637669.916;4247758.593;77.61606888;42.00749417;2295.47791;0.02;9.58;0.02;9.58;0.09;0.08;0.147;0.98;0.98;0.27;BAR4;BARS;Kyrgyzstan
1235575.846;4617418.897;4211832.832;75.01919494;41.57611397;2008.64282;-0.69;5.36;-0.69;5.36;0.06;0.07;-0.023;0.8;0.8;0.18;BAU4;BAUK;Kyrgyzstan
1235575.917;4617421.288;4211828.098;75.01920153;41.57606819;2007.24352;-0.69;5.36;-0.69;5.36;0.06;0.07;-0.023;0.8;0.8;0.18;BAU5;BAUK;Kyrgyzstan
1235575.263;4617420.236;4211829.425;75.01920584;41.5760842;2007.23703;-0.69;5.36;-0.69;5.36;0.06;0.07;-0.023;0.8;0.8;0.18;BAU6;BAUK;Kyrgyzstan
1235574.222;4617419.588;4211830.684;75.0192159;41.57609803;2007.40234;-0.69;5.36;-0.69;5.36;0.06;0.07;-0.023;0.8;0.8;0.18;BAUK;BAUK;Kyrgyzstan
1240074.81;4654924.526;4171212.674;75.08281477;41.07929934;3267.48915;-1.08;8.54;-1.08;8.54;0.07;0.07;0.01;2.21;2.21;0.19;BAY4;BAYB;Kyrgyzstan
1240072.763;4654921.462;4171215.865;75.08282891;41.07934162;3266.95623;-1.08;8.54;-1.08;8.54;0.07;0.07;0.01;2.21;2.21;0.19;BAY5;BAYB;Kyrgyzstan
1240072.36;4654917.165;4171219.425;75.08282038;41.07939093;3266.08851;-1.08;8.54;-1.08;8.54;0.07;0.07;0.01;2.21;2.21;0.19;BAY6;BAYB;Kyrgyzstan
1240072.983;4654917.333;4171218.878;75.08281373;41.07938531;3265.97241;-1.08;8.54;-1.08;8.54;0.07;0.07;0.01;2.21;2.21;0.19;BAYB;BAYB;Kyrgyzstan
1947863.744;4625976.312;3924310.001;67.16545954;38.20646232;1346.25622;45.04;-28.56;45.04;-28.56;368.02;359.41;-0.002;-60.12;-60.12;438.73;BAS4;BAYS;Uzbekistan
1947864.668;4625972.593;3924315.188;67.16543333;38.20651613;1347.05229;45.04;-28.56;45.04;-28.56;368.02;359.41;-0.002;-60.12;-60.12;438.73;BAS5;BAYS;Uzbekistan
1947861.585;4625974.669;3924313.902;67.16547497;38.20650303;1346.82063;45.04;-28.56;45.04;-28.56;368.02;359.41;-0.002;-60.12;-60.12;438.73;BAYS;BAYS;Uzbekistan
1617785.23;4579847.519;4120455.864;70.54474299;40.49861911;327.32949;99.94;-353.8;99.94;-353.8;488.26;475.67;-0.016;-103.83;-103.83;740.4;BEA4;BEA4;Uzbekistan
1114428.773;4630631.738;4232927.962;76.46827149;41.81981612;3326.29098;-0.58;8.19;-0.58;8.19;0.06;0.06;0.008;1.34;1.34;0.15;BELB;BELB;Kyrgyzstan
1114432.354;4630632.037;4232926.778;76.46823046;41.81980141;3326.34297;-0.58;8.19;-0.58;8.19;0.06;0.06;0.008;1.34;1.34;0.15;ELB4;BELB;Kyrgyzstan
1279080.298;4524660.482;4297448.619;74.21488571;42.61790992;1604.17784;-1.13;2.11;-1.13;2.11;0.09;0.09;0.01;0.23;0.23;0.35;ELG4;BELG;Kyrgyzstan
1212808.365;4542519.079;4298005.2;75.05127441;42.62367949;1729.46924;-0.69;2.79;-0.69;2.79;0.19;0.21;0.002;1.34;1.34;0.79;ELS4;BELS;Kyrgyzstan
1158506.465;4530861.39;4325369.906;75.65720913;42.95728532;1966.13117;-0.32;2.09;-0.32;2.09;0.25;0.27;0.011;1.31;1.31;1.37;BER4;BERI;Kazakhstan
1150074.176;4543365.34;4313534.814;75.79495112;42.81776297;1267.02872;-0.6;1.82;-0.6;1.82;0.07;0.07;0.006;0.55;0.55;0.19;BES4;BESH;Kyrgyzstan
1150083.035;4543359.104;4313539.305;75.79482741;42.8178163;1267.24157;-0.6;1.82;-0.6;1.82;0.07;0.07;0.006;0.55;0.55;0.19;BESH;BESH;Kyrgyzstan
1252491.745;4684187.093;4134842.919;75.0300462;40.64640494;3276.27794;-0.41;9.48;-0.41;9.48;0.07;0.07;-0.001;1.75;1.75;0.18;BET4;BETJ;Kyrgyzstan
1252484.469;4684189.269;4134841.945;75.0301359;40.64639698;3275.81255;-0.41;9.48;-0.41;9.48;0.07;0.07;-0.001;1.75;1.75;0.18;BET5;BETJ;Kyrgyzstan
1252486.018;4684188.442;4134842.682;75.03011568;40.64640435;3275.98931;-0.41;9.48;-0.41;9.48;0.07;0.07;-0.001;1.75;1.75;0.18;BET6;BETJ;Kyrgyzstan
1252487.428;4684188.221;4134842.786;75.03009891;40.64640418;3276.17193;-0.41;9.48;-0.41;9.48;0.07;0.07;-0.001;1.75;1.75;0.18;BETJ;BETJ;Kyrgyzstan
828028.4609;4431183.97;4499100.097;79.41555506;45.13650012;1464.31447;-1.57;2.68;-1.57;2.68;0.41;0.45;0.061;0.35;0.35;1.92;BIEN;BIEN;Kazakhstan
828029.6802;4431185.453;4499098.612;79.41554328;45.13647997;1464.44747;-1.57;2.68;-1.57;2.68;0.41;0.45;0.061;0.35;0.35;1.92;BIN4;BIEN;Kazakhstan
828025.4333;4431184.039;4499100.353;79.41559304;45.13650485;1464.15096;-1.57;2.68;-1.57;2.68;0.41;0.45;0.061;0.35;0.35;1.92;BIN5;BIEN;Kazakhstan
1218152.976;4685178.527;4144380.525;75.42570867;40.75724426;3585.01453;-0.74;10.07;-0.74;10.07;0.09;0.1;-0.012;1.98;1.98;0.33;BKE4;BKEL;Kyrgyzstan
1218157.263;4685178.429;4144378.775;75.42565927;40.75722655;3584.61778;-0.74;10.07;-0.74;10.07;0.09;0.1;-0.012;1.98;1.98;0.33;BKE5;BKEL;Kyrgyzstan
1218150.504;4685178.063;4144381.535;75.4257356;40.75725744;3584.86237;-0.74;10.07;-0.74;10.07;0.09;0.1;-0.012;1.98;1.98;0.33;BKEL;BKEL;Kyrgyzstan
1354813.002;4490669.482;4309556.904;73.2116943;42.76750339;1443.76233;-0.56;1.07;-0.56;1.07;0.36;0.32;0.012;-0.54;-0.54;1.64;BOK4;BOKT;Kazakhstan
1063184.958;4617068.706;4258160.024;77.03239587;42.13879156;1657.71519;0.65;7.54;0.65;7.54;0.1;0.11;-0.006;-0.46;-0.46;0.35;BOM4;BOM4;Kyrgyzstan
439099.2411;4166390.708;4793603.205;83.98376105;49.03811083;350.84653;-1.81;-0.01;-1.81;-0.01;0.29;0.33;0.009;-2.01;-2.01;1.27;BOL4;BORL;Kazakhstan
439102.7182;4166392.093;4793601.676;83.98371574;49.03808999;350.83433;-1.81;-0.01;-1.81;-0.01;0.29;0.33;0.009;-2.01;-2.01;1.27;BOL5;BORL;Kazakhstan
439102.7185;4166389.532;4793603.871;83.98371207;49.03812023;350.82145;-1.81;-0.01;-1.81;-0.01;0.29;0.33;0.009;-2.01;-2.01;1.27;BORL;BORL;Kazakhstan
1727670.506;4490284.98;4173646.947;68.95539954;41.13183264;281.74739;149.38;-407.92;149.38;-407.92;459.48;469.87;-0.024;41.16;41.16;738.56;BOS4;BOS4;Uzbekistan
1495255.032;4545781.699;4204691.593;71.79228774;41.49510349;1398.59816;-2.16;2.48;-2.16;2.48;0.06;0.06;-0.005;-0.87;-0.87;0.19;BOZ4;BOZB;Kyrgyzstan
1495252.798;4545777.788;4204695.622;71.79229852;41.49515698;1397.96202;-2.16;2.48;-2.16;2.48;0.06;0.06;-0.005;-0.87;-0.87;0.19;BOZ5;BOZB;Kyrgyzstan
1495256.793;4545776.853;4204695.198;71.79224958;41.49515197;1397.95095;-2.16;2.48;-2.16;2.48;0.06;0.06;-0.005;-0.87;-0.87;0.19;BOZB;BOZB;Kyrgyzstan
1044894.615;4576726.017;4306457.466;77.13944492;42.72320189;2203.59662;39.99;3.28;39.99;3.28;1.47;1.73;0.036;6.72;6.72;7.48;BOZO;BOZO;Kyrgyzstan
1044591.383;4580782.155;4301595.68;77.15405962;42.66732541;1763.69;-0.01;4.13;-0.01;4.13;1.54;1.78;0.012;21.18;21.18;6.75;BOZT;BOZT;Kyrgyzstan
1747385.178;4467600.955;4189614.239;68.63834799;41.32314431;261.96324;-0.43;-1.21;-0.43;-1.21;0.79;0.78;0.021;7.89;7.89;3.24;BRK4;BRK4;Kazakhstan
1569151.641;4436102.77;4293219.138;70.520141;42.56874926;1296.39354;-1.12;0.92;-1.12;0.92;0.22;0.23;0.029;-1.05;-1.05;0.95;BRL4;BRLD;Kazakhstan
1569158.655;4436101.467;4293217.148;70.52005519;42.56872931;1295.86505;-1.12;0.92;-1.12;0.92;0.22;0.23;0.029;-1.05;-1.05;0.95;BRL5;BRLD;Kazakhstan
1569158.739;4436103.659;4293214.591;70.52006312;42.5686996;1295.67729;-1.12;0.92;-1.12;0.92;0.22;0.23;0.029;-1.05;-1.05;0.95;BRL6;BRLD;Kazakhstan
1569154.288;4436102.176;4293217.817;70.52010819;42.56873853;1295.73772;-1.12;0.92;-1.12;0.92;0.22;0.23;0.029;-1.05;-1.05;0.95;BRLD;BRLD;Kazakhstan
1068472.001;4615631.297;4258722.952;76.96618618;42.14382362;1878.83342;0.41;7.26;0.41;7.26;0.11;0.12;0;-0.59;-0.59;0.37;BRT4;BRT4;Kyrgyzstan
1611042.007;4617087.834;4082805.857;70.76457088;40.04841491;1093.62959;-1.02;3.58;-1.02;3.58;0.09;0.09;-0.003;0.67;0.67;0.3;BTK4;BTKN;Kyrgyzstan
1611041.559;4617094.853;4082799.708;70.76460292;40.04833498;1094.63325;-1.02;3.58;-1.02;3.58;0.09;0.09;-0.003;0.67;0.67;0.3;BTK5;BTKN;Kyrgyzstan
1611042.736;4617091.72;4082801.554;70.76457781;40.0483626;1093.85325;-1.02;3.58;-1.02;3.58;0.09;0.09;-0.003;0.67;0.67;0.3;BTKN;BTKN;Kyrgyzstan
1242955.861;4645239.906;4179388.255;75.01993865;41.18572126;2157.65661;-1.22;8.22;-1.22;8.22;0.07;0.07;0.053;1.9;1.9;0.21;BTR4;BTRK;Kyrgyzstan
1242959.289;4645234.66;4179391.472;75.01988304;41.18576784;2156.62792;-1.22;8.22;-1.22;8.22;0.07;0.07;0.053;1.9;1.9;0.21;BTR5;BTRK;Kyrgyzstan
1242946.161;4645248.827;4179384.694;75.02007777;41.18566092;2159.91097;-1.22;8.22;-1.22;8.22;0.07;0.07;0.053;1.9;1.9;0.21;BTR6;BTRK;Kyrgyzstan
1242956.525;4645239.478;4179388.111;75.01992969;41.18572172;2157.38006;-1.22;8.22;-1.22;8.22;0.07;0.07;0.053;1.9;1.9;0.21;BTRK;BTRK;Kyrgyzstan
898158.4448;4643621.998;4268986.345;79.05315785;42.26062835;2844.5401;0.87;9.92;0.87;9.92;0.08;0.1;0.025;2.45;2.45;0.33;BUR4;BURK;Kyrgyzstan
898159.7099;4643622.248;4268984.788;79.05314338;42.26061504;2843.85311;0.87;9.92;0.87;9.92;0.08;0.1;0.025;2.45;2.45;0.33;BURK;BURK;Kyrgyzstan
1674505.021;4497177.514;4188125.057;69.57739808;41.3033117;512.38714;12.31;-165.29;12.31;-165.29;407.23;378.92;-0.015;6.51;6.51;529.34;BUS4;BUS4;Uzbekiston
1674508.436;4497176.208;4188124.879;69.57735443;41.30331069;512.2458;12.31;-165.29;12.31;-165.29;407.23;378.92;-0.015;6.51;6.51;529.34;BUS5;BUS4;Uzbekiston
1355978.484;4665898.225;4120508.1;73.79536027;40.48871567;1695.86787;-1.97;8.81;-1.97;8.81;0.16;0.17;0.088;0.14;0.14;0.77;BUY4;BUYG;Kyrgyzstan
1355980.277;4665899.96;4120502.805;73.79534567;40.48866675;1694.07789;-1.97;8.81;-1.97;8.81;0.16;0.17;0.088;0.14;0.14;0.77;BUY5;BUYG;Kyrgyzstan
1099743.343;4557032.399;4313575.593;76.43229817;42.81076384;2166.49144;-0.55;2.39;-0.55;2.39;0.07;0.07;-0.027;0.47;0.47;0.19;BUZ4;BUZU;Kyrgyzstan
1099735.592;4557028.786;4313579.168;76.4323799;42.81082004;2165.01;-0.55;2.39;-0.55;2.39;0.07;0.07;-0.027;0.47;0.47;0.19;BUZU;BUZU;Kyrgyzstan
1156589.417;4547145.028;4307925.733;75.72914889;42.74852168;1322.07748;-0.68;2.14;-0.68;2.14;0.07;0.07;0.01;0.6;0.6;0.18;BYS4;BYST;Kyrgyzstan
1156575.937;4547152.716;4307920.247;75.72933156;42.7484602;1321.38509;-0.68;2.14;-0.68;2.14;0.07;0.07;0.01;0.6;0.6;0.18;BYST;BYST;Kyrgyzstan
1791154.832;4456453.318;4183063.493;68.10362952;41.24454144;276.18126;-0.9;0.66;-0.9;0.66;0.45;0.44;0.03;1.99;1.99;1.74;CAR1;CAR1;Kazakhstan
1500525.099;4642843.576;4095544.756;72.08963609;40.19872293;1054.55999;-1.44;5.75;-1.44;5.75;0.15;0.15;0.021;3.03;3.03;0.57;CAUV;CAUV;Kyrgyzstan
113355.14;4101610.688;4868952.273;88.41693451;50.06788041;1712.83563;-1.23;2.17;-1.23;2.17;0.75;0.77;0.006;-2.63;-2.63;3.54;CHAG;CHAG;Russia
1016042.512;4675267.782;4208531.984;77.73897156;41.52687643;3204.59871;0.68;11.22;0.68;11.22;0.07;0.08;0.003;1.23;1.23;0.23;CHAK;CHAK;Kyrgyzstan
1016053.757;4675262.816;4208534.136;77.73882734;41.52690564;3204.18006;0.68;11.22;0.68;11.22;0.07;0.08;0.003;1.23;1.23;0.23;CHK4;CHAK;Kyrgyzstan
1016052.015;4675270.173;4208530.377;77.73886644;41.52683963;3206.79314;0.68;11.22;0.68;11.22;0.07;0.08;0.003;1.23;1.23;0.23;CHK5;CHAK;Kyrgyzstan
1016059.392;4675279.49;4208524.585;77.7388038;41.52673694;3210.94195;0.68;11.22;0.68;11.22;0.07;0.08;0.003;1.23;1.23;0.23;CHK6;CHAK;Kyrgyzstan
1489220.969;4508487.417;4248744.237;71.72083643;42.01450846;2902.88633;-1.42;1.33;-1.42;1.33;0.2;0.21;0.026;1.83;1.83;0.8;CHA4;CHAT;Kyrgyzstan
1489215.95;4508485.934;4248747.475;71.72088833;42.01454807;2902.83841;-1.42;1.33;-1.42;1.33;0.2;0.21;0.026;1.83;1.83;0.8;CHA5;CHAT;Kyrgyzstan
1489214.358;4508480.968;4248751.791;71.72088778;42.01460834;2901.85199;-1.42;1.33;-1.42;1.33;0.2;0.21;0.026;1.83;1.83;0.8;CHA6;CHAT;Kyrgyzstan
1192893.536;4697022.504;4138376.622;75.74997954;40.68585224;3597.30251;-0.32;11.4;-0.32;11.4;0.09;0.1;0.007;1.23;1.23;0.29;CEK4;CHEK;Kyrgyzstan
1163721.74;4569083.491;4285318.242;75.71086916;42.45854378;2962.48743;-1.41;1.32;-1.41;1.32;1.76;1.59;0.044;1.3;1.3;7.1;CHE4;CHEN;Kyrgyzstan
1111079.759;4610363.046;4254137.277;76.45031206;42.08502977;2267.00804;-0.11;7.3;-0.11;7.3;0.11;0.12;0.04;0.11;0.11;0.4;CET4;CHET;Kyrgyzstan
1400192.451;4672054.37;4100008.419;73.31677686;40.24069582;2454.47213;-325.52;141.87;-325.52;141.87;389.89;407;0.002;-8.05;-8.05;494.41;CHG4;CHGR;Kyrgyzstan
1400192.387;4672054.369;4100008.462;73.31677757;40.24069623;2454.48511;-325.52;141.87;-325.52;141.87;389.89;407;0.002;-8.05;-8.05;494.41;CHG5;CHGR;Kyrgyzstan
1400191.109;4672054.209;4100009.064;73.31679141;40.24070339;2454.47746;-325.52;141.87;-325.52;141.87;389.89;407;0.002;-8.05;-8.05;494.41;CHGR;CHGR;Kyrgyzstan
260683.6346;4045131.082;4909492.404;86.31274077;50.64400615;1249.17487;-2.17;0.4;-2.17;0.4;0.59;0.61;0.031;-0.7;-0.7;2.7;CHIA;CHIA;Russia
1094083.201;4616232.629;4251941.459;76.66647899;42.05975946;2100.53191;0.19;7.42;0.19;7.42;0.12;0.13;0.011;0.13;0.13;0.47;CKT4;CHKT;Kyrgyzstan
1094085.953;4616234.777;4251936.231;76.66645263;42.0597081;2099.05234;0.19;7.42;0.19;7.42;0.12;0.13;0.011;0.13;0.13;0.47;CKT5;CHKT;Kyrgyzstan
933553.262;4537134.44;4370797.295;78.37318252;43.5291058;712.08263;0.07;3.49;0.07;3.49;0.35;0.39;0.007;1.59;1.59;1.83;CHLK;CHLK;Kazakhstan
933553.3089;4537134.437;4370797.281;78.37318194;43.52910566;712.07779;0.07;3.49;0.07;3.49;0.35;0.39;0.007;1.59;1.59;1.83;SE06;CHLK;Kazakhstan
979891.9892;4549310.468;4351020.915;77.8445708;43.26710682;2719.55226;0.04;3.31;0.04;3.31;0.15;0.17;0.002;0.97;0.97;0.65;CHL4;CHLZ;Kazakhstan
979901.2707;4549309.608;4351020.56;77.84445686;43.26709763;2720.12007;0.04;3.31;0.04;3.31;0.15;0.17;0.002;0.97;0.97;0.65;CHL5;CHLZ;Kazakhstan
979893.9745;4549309.31;4351022.349;77.8445439;43.26712062;2720.0153;0.04;3.31;0.04;3.31;0.15;0.17;0.002;0.97;0.97;0.65;CHL6;CHLZ;Kazakhstan
979889.116;4549309.71;4351020.753;77.84460342;43.26711406;2718.46098;0.04;3.31;0.04;3.31;0.15;0.17;0.002;0.97;0.97;0.65;CHLZ;CHLZ;Kazakhstan
1075971.354;4575725.367;4299615.95;76.76742869;42.64109076;2006.09698;0.32;3.74;0.32;3.74;0.06;0.07;0.003;-1.07;-1.07;0.17;HOK4;CHOK;Kyrgyzstan
1050169.328;4576076.174;4306269.652;77.07492462;42.71864237;2475.45116;0.16;4.01;0.16;4.01;0.09;0.1;0.031;-1.19;-1.19;0.32;CHO4;CHOL;Kyrgyzstan
1050284.222;4576108.298;4306207.138;77.07364574;42.71788107;2474.92733;0.78;5.02;0.78;5.02;0.7;0.73;0.043;-1.9;-1.9;2.98;CHO5;CHOL;Kyrgyzstan
1050272.772;4576112.373;4306198.615;77.07379305;42.71781611;2470.1825;0.78;5.02;0.78;5.02;0.7;0.73;0.043;-1.9;-1.9;2.98;CHOL;CHOL;Kyrgyzstan
1315743.464;4529466.341;4281932.09;73.80219485;42.42544971;1966.33746;-0.96;1.29;-0.96;1.29;0.08;0.08;-0.115;1.56;1.56;0.29;CHON;CHON;Kyrgyzstan
1315744.076;4529465.311;4281933.675;73.80218421;42.42546521;1966.80207;-0.96;1.29;-0.96;1.29;0.08;0.08;-0.115;1.56;1.56;0.29;HON4;CHON;Kyrgyzstan
889610.6766;4566234.768;4350199.648;78.97552345;43.27134086;1021.51603;0.95;4.44;0.95;4.44;0.12;0.14;-0.006;0.29;0.29;0.56;CHR4;CHRN;Kazakhstan
889610.2283;4566234.204;4350200.738;78.97552755;43.27135195;1021.79869;0.95;4.44;0.95;4.44;0.12;0.14;-0.006;0.29;0.29;0.56;CHR5;CHRN;Kazakhstan
889609.0478;4566235.7;4350196.858;78.97554534;43.27131886;1020.04347;0.95;4.44;0.95;4.44;0.12;0.13;-0.006;0.29;0.29;0.56;CHR6;CHRN;Kazakhstan
889613.3603;4566232.841;4350200.298;78.97548647;43.27135362;1020.95878;0.95;4.44;0.95;4.44;0.12;0.14;-0.006;0.29;0.29;0.56;CHRN;CHRN;Kazakhstan
1372346.842;4507440.098;4287548.062;73.0664696;42.49295295;2088.09954;-0.77;0.92;-0.77;0.92;0.06;0.07;-0.012;0.75;0.75;0.18;CHRT;CHRT;Kyrgyzstan
1372342.19;4507437.308;4287553.024;73.06651384;42.49301035;2088.48376;-0.77;0.92;-0.77;0.92;0.06;0.07;-0.012;0.75;0.75;0.18;HRT4;CHRT;Kyrgyzstan
1228950.719;4508079.891;4327868.475;74.75109934;42.99850121;716.28445;-1.24;0.89;0.12;-0.18;0.05;0.05;0.004;0.65;-0.22;0.07;CHSH;CHSH;Unknown
1156572.93;4656654.236;4192116.747;76.05169193;41.33431397;2640.53762;-0.79;9.77;-0.79;9.77;0.09;0.1;0.052;1.65;1.65;0.3;CHT4;CHTI;Kyrgyzstan
1278896.255;4460472.33;4362148.05;74.00146711;43.42301386;574.03333;-1.29;0.65;-1.29;0.65;0.15;0.17;-0.015;0.34;0.34;0.62;CHU0;CHU0;Kazakhstan
1278892.325;4460471.143;4362150.683;74.00150971;43.42304483;574.22726;-1.29;0.65;-1.29;0.65;0.15;0.17;-0.015;0.34;0.34;0.62;CHU1;CHU0;Kazakhstan
1278895.096;4460474.437;4362146.219;74.00148803;43.42299134;574.01325;-1.29;0.65;-1.29;0.65;0.15;0.17;-0.015;0.34;0.34;0.62;CHU4;CHU0;Kazakhstan
1278889.034;4460477.156;4362146.406;74.00156924;43.42298673;574.82719;-1.29;0.65;-1.29;0.65;0.15;0.17;-0.015;0.34;0.34;0.62;CHU5;CHU0;Kazakhstan
1278889.417;4460475.263;4362148.301;74.00155825;43.42300972;574.88476;-1.29;0.65;-1.29;0.65;0.15;0.17;-0.015;0.34;0.34;0.62;CHU6;CHU0;Kazakhstan
1228950.99;4508079.867;4327868.478;74.75109605;42.99850093;716.32242;-1.24;0.89;0.12;-0.18;0.05;0.05;0.004;0.65;-0.22;0.07;CHUM;CHUM;Kazakhstan
1228950.99;4508079.867;4327868.478;74.75109605;42.99850093;716.32242;-1.24;0.9;0.12;-0.18;0.05;0.05;0.004;0.65;-0.22;0.07;CHUM;CHUM;Kazakhstan
1228950.99;4508079.867;4327868.478;74.75109605;42.99850093;716.32242;-1.24;0.9;0.12;-0.18;0.05;0.05;0.004;0.65;-0.22;0.07;CHUM;CHUM;Kazakhstan
1398784.494;4539712.545;4243511.298;72.87479285;41.96596829;1072.69936;-0.9;1.84;-0.9;1.84;0.07;0.07;0.02;0.09;0.09;0.26;CHY4;CHYK;Kyrgyzstan
1398782.382;4539712.63;4243512.717;72.87481749;41.96598104;1073.24672;-0.9;1.84;-0.9;1.84;0.07;0.07;0.02;0.09;0.09;0.26;CHY5;CHYK;Kyrgyzstan
1398779.734;4539712.932;4243514.042;72.87484908;41.96599287;1073.76735;-0.9;1.84;-0.9;1.84;0.07;0.07;0.02;0.09;0.09;0.26;CHY6;CHYK;Kyrgyzstan
1398757.169;4539713.271;4243537.014;72.87511039;41.96618466;1084.42942;-0.9;1.84;-0.9;1.84;0.07;0.07;0.02;0.09;0.09;0.26;CHYK;CHYK;Kyrgyzstan
1660940.24;4481088.449;4210980.47;69.66249663;41.57557908;791.19616;-169.41;-36.97;-169.41;-36.97;466.58;486.14;-0.03;52.64;52.64;740.63;CIR4;CIRC;Uzbekistan
1262572.221;4502583.957;4323814.697;74.33594111;42.94933031;633.1997;-1.13;1.56;-1.13;1.56;0.33;0.38;0.004;3.4;3.4;1.19;CKO4;CKO4;Kyrgyzstan
1262574.935;4502584.336;4323813.423;74.33591034;42.94931519;633.1351;-1.13;1.56;-1.13;1.56;0.33;0.38;0.004;3.4;3.4;1.19;CKO5;CKO4;Kyrgyzstan
933004.9245;4568410.292;4339681.912;78.45723683;43.13689066;1565.37651;0.97;4.69;0.97;4.69;0.12;0.14;-0.006;0.6;0.6;0.49;DAL5;DALA;Kazakhstan
933003.9544;4568407.908;4339685.16;78.45724265;43.13692755;1565.75165;0.97;4.69;0.97;4.69;0.12;0.14;-0.006;0.6;0.6;0.49;DAL6;DALA;Kazakhstan
933008.6153;4568409.892;4339682.857;78.45719141;43.13689473;1566.27616;0.97;4.69;0.97;4.69;0.12;0.14;-0.006;0.6;0.6;0.49;DALA;DALA;Kazakhstan
1249005.387;4674820.251;4146142.901;75.04127687;40.78190809;3105.69953;-0.81;9.04;-0.81;9.04;0.07;0.07;0.003;1.8;1.8;0.17;DAR4;DARP;Kyrgyzstan
1249011.93;4674820.312;4146137.808;75.04120221;40.7818631;3103.69615;-0.81;9.04;-0.81;9.04;0.07;0.07;0.003;1.8;1.8;0.17;DAR5;DARP;Kyrgyzstan
1249011.057;4674819.867;4146138.171;75.04121083;40.78186942;3103.43692;-0.81;9.04;-0.81;9.04;0.07;0.07;0.003;1.8;1.8;0.17;DAR6;DARP;Kyrgyzstan
1249005.989;4674821.321;4146139.567;75.04127325;40.78187837;3104.42289;-0.81;9.04;-0.81;9.04;0.07;0.07;0.003;1.8;1.8;0.17;DARP;DARP;Kyrgyzstan
1498554.116;4691638.16;4043245.27;72.28602057;39.5726538;2701.08089;-0.86;7.06;-0.86;7.06;0.09;0.09;-0.01;0.3;0.3;0.3;DART;DART;Kyrgyzstan
1498552.634;4691637.873;4043246.67;72.28603599;39.57266768;2701.41449;-0.86;7.06;-0.86;7.06;0.09;0.09;-0.01;0.3;0.3;0.3;DAT4;DART;Kyrgyzstan
1498554.586;4691637.52;4043246.58;72.2860131;39.57266557;2701.55578;-0.86;7.06;-0.86;7.06;0.09;0.09;-0.01;0.3;0.3;0.3;DAT5;DART;Kyrgyzstan
1144409.486;4511411.426;4348264.065;75.76602469;43.24500431;1307.06663;-0.88;1.01;-0.88;1.01;0.17;0.18;0.013;-1.38;-1.38;0.66;DEGE;DEGE;Kazakhstan
1889002.453;4647454.336;3926279.572;67.8802442;38.23520905;477.22261;295.97;-340.91;295.97;-340.91;384.68;360.16;0.002;-0.8;-0.8;438.06;DEN4;DENA;Uzbekistan
1889007.552;4647454.219;3926277.256;67.88018975;38.23518256;477.21211;295.97;-340.91;295.97;-340.91;384.68;360.16;0.002;-0.8;-0.8;438.06;DEN5;DENA;Uzbe
1121815.027;4671938.675;4184701.566;76.49789211;41.24496212;2707.53551;-0.66;11.13;-0.66;11.13;0.09;0.09;0.012;1.69;1.69;0.28;DJAD;DJAD;Kyrgyzstan
2017776.944;4586038.968;3935016.527;66.25134499;38.33259919;881.30478;57.55;-277.04;57.55;-277.04;366.7;356.05;0.006;11.35;11.35;437.9;DJAN;DJAN;Uzbekistan
2017779.076;4586035.811;3935020.409;66.25130814;38.33263797;882.11928;57.55;-277.04;57.55;-277.04;366.7;356.05;0.006;11.35;11.35;437.9;DJN4;DJAN;Uzbekistan
2017782.508;4586036.228;3935017.966;66.25127414;38.33261086;881.98773;57.55;-277.04;57.55;-277.04;366.7;356.05;0.006;11.35;11.35;437.9;DJN5;DJAN;Uzbekistan
1526493.879;4641770.287;4088361.446;71.79601821;40.10847703;1794.90016;-0.9;5.04;-0.9;5.04;0.07;0.07;-0.007;0.33;0.33;0.23;DJD4;DJDK;Kyrgyzstan
1526498.653;4641765.16;4088363.869;71.79594624;40.10851332;1793.87653;-0.9;5.04;-0.9;5.04;0.07;0.07;-0.007;0.33;0.33;0.23;DJD5;DJDK;Kyrgyzstan
1526495.3;4641767.535;4088363.73;71.79599229;40.10850535;1794.71127;-0.9;5.04;-0.9;5.04;0.07;0.07;-0.007;0.33;0.33;0.23;DJDK;DJDK;Kyrgyzstan
1314712.551;4571746.303;4239005.495;73.95617322;41.89547381;3049.86948;-0.99;3.49;-0.99;3.49;0.07;0.07;0.004;1.16;1.16;0.18;DJE4;DJEK;Kyrgyzstan
1314711.803;4571748.39;4239003.487;73.95618884;41.89544956;3049.8672;-0.99;3.49;-0.99;3.49;0.07;0.07;0.004;1.16;1.16;0.18;DJEK;DJEK;Kyrgyzstan
1291588.599;4647607.381;4163243.076;74.46917621;40.98698228;2913.67187;-1.32;8.11;-1.32;8.11;0.08;0.08;0.02;1.73;1.73;0.31;DJR4;DJRG;Kyrgyzstan
1361324.227;4631168.181;4157073.81;73.619388;40.92519282;1410.48727;-2.86;7.48;-2.86;7.48;0.09;0.09;-0.15;0.74;0.74;0.29;DNG4;DNGU;Kyrgyzstan
1361324.647;4631170.942;4157071.163;73.61939246;40.9251585;1410.84388;-2.86;7.48;-2.86;7.48;0.09;0.09;-0.15;0.74;0.74;0.29;DNG5;DNGU;Kyrgyzstan
1361334.419;4631166.999;4157071.504;73.61926797;40.92516688;1410.29165;-2.86;7.48;-2.86;7.48;0.09;0.09;-0.15;0.74;0.74;0.29;DNGU;DNGU;Kyrgyzstan
816295.4216;4571795.165;4359202.543;79.87650123;43.37960403;1387.77084;1.49;5.82;1.49;5.82;0.3;0.33;0.036;-0.93;-0.93;1.94;DOR4;DORD;Kazakhstan
1703175.574;4466759.695;4208764.375;69.12814987;41.55198292;406.7625;-1.07;1.42;-1.07;1.42;0.52;0.5;0.018;2.43;2.43;2.12;DRB4;DRBL;Kazakhstan
911728.428;4549404.291;4363237.345;78.66769569;43.43217402;1083.31297;0.73;3.81;0.73;3.81;0.13;0.14;0.004;0.41;0.41;0.49;DSO4;DSO4;Kazakhstan
1640083.732;4526139.262;4171837.082;70.08159996;41.10214506;1307.13279;318.37;-428.56;318.37;-428.56;350.03;338.21;-0.035;10.81;10.81;523.44;DUK4;DUKA;Uzbekistan
1640087.177;4526134.822;4171840.304;70.08154341;41.10218468;1306.98984;318.37;-428.56;318.37;-428.56;350.03;338.21;-0.035;10.81;10.81;523.44;DUKA;DUKA;Uzbekistan
1290127.844;4610211.143;4203521.626;74.36618148;41.47565463;2075.84072;-1.63;5.3;-1.63;5.3;0.07;0.08;-0.033;1;1;0.22;DYU4;DYUD;Kyrgyzstan
1290126.481;4610210.78;4203522.907;74.36619601;41.47566755;2076.15231;-1.63;5.3;-1.63;5.3;0.07;0.08;-0.033;1;1;0.22;DYU5;DYUD;Kyrgyzstan
1290131.491;4610211.495;4203518.908;74.36614058;41.47562842;2075.0306;-1.63;5.3;-1.63;5.3;0.07;0.08;-0.033;1;1;0.22;DYU6;DYUD;Kyrgyzstan
1290130.291;4610211.286;4203519.871;74.36615373;41.47563805;2075.2757;-1.63;5.3;-1.63;5.3;0.07;0.08;-0.033;1;1;0.22;DYUD;DYUD;Kyrgyzstan
1042328.023;4577253.66;4306450.446;77.17141789;42.72349818;2157.59736;-1.38;-3.39;-1.38;-3.39;1.39;1.57;0.016;9.91;9.91;6.03;DZHA;DZHA;Kyrgyzstan
1101539.213;4541675.439;4329615.935;76.36672612;43.00533909;2463.69605;-0.82;1.9;-0.82;1.9;0.27;0.29;0.027;-0.29;-0.29;1.2;EGA4;EGAR;Kazakhstan
250821.0924;3815282.574;5088151.128;86.23872153;53.26142175;189.5641;-0.62;0.62;-0.62;0.62;0.94;0.99;0.014;3.4;3.4;5.06;ELTS;ELTS;Russia
1276414.292;4587545.241;4232186.031;74.45158728;41.82107561;2057.20041;-1.1;4.59;-1.1;4.59;0.07;0.07;0.014;0.99;0.99;0.21;EME4;EMEL;Kyrgyzstan
1276412.428;4587545.427;4232185.856;74.45160949;41.82107636;2056.84563;-1.1;4.59;-1.1;4.59;0.07;0.07;0.014;0.99;0.99;0.21;EMEL;EMEL;Kyrgyzstan
786085.4985;4602425.707;4334058.118;80.30751802;43.06081491;2369.28044;1.67;5.99;1.67;5.99;0.14;0.15;0.001;1.15;1.15;0.53;ESE4;ESEK;Kazakhstan
376228.0999;4241145.967;4733699.53;84.93061459;48.22096666;560.5654;-0.06;2.67;-0.06;2.67;0.36;0.37;0.017;-3.8;-3.8;1.4;GAK4;GAKJ;Kazakhstan
376237.3969;4241148.508;4733695.922;84.930493;48.22092256;560.10905;-0.06;2.67;-0.06;2.67;0.36;0.37;0.017;-3.8;-3.8;1.4;GAK5;GAKJ;Kazakhstan
376231.7177;4241145.684;4733699.387;84.93056576;48.22096555;560.48374;-0.06;2.67;-0.06;2.67;0.36;0.37;0.017;-3.8;-3.8;1.4;GAKJ;GAKJ;Kazakhstan
1228788.86;4508483.72;4327391.684;74.75431634;42.99323235;644.97057;-2.82;-1.88;-2.82;-1.88;0.26;0.28;-0.031;7.57;7.57;1.05;GEOR;GEOR;Kazakhstan
1087445.91;4609092.805;4260962.07;76.72469622;42.17113918;1862.83117;0.21;6.78;0.21;6.78;0.07;0.08;0.019;-0.37;-0.37;0.23;GKO4;GKO4;Kyrgyzstan
897460.9084;4583394.822;4332020.705;78.92125242;43.03907055;1971.49159;1.01;4.97;1.01;4.97;0.14;0.15;0.007;0.06;0.06;0.53;GKU4;GKUL;Kazakhstan
913703.2934;4539921.712;4372249.096;78.62068471;43.54618496;822.50127;0.56;3.64;0.56;3.64;0.15;0.17;0.01;0.49;0.49;0.67;GSO4;GSOG;Kazakhstan
1545656.748;4618627.313;4105394.683;71.49681306;40.31821517;625.93622;185.77;-223.98;185.77;-223.98;347.03;344.96;-0.013;-14.06;-14.06;437.41;HAN4;HANK;Uzbekistan
1545655.484;4618629.133;4105392.887;71.49683396;40.31819511;625.78382;185.77;-223.98;185.77;-223.98;347.03;344.96;-0.013;-14.06;-14.06;437.41;HAN5;HANK;Uzbekistan
1545654.365;4618630.774;4105391.137;71.49685256;40.3181761;625.56836;185.77;-223.98;185.77;-223.98;347.03;344.96;-0.013;-14.06;-14.06;437.41;HANK;HANK;Uzbekistan
1017161.724;4579706.45;4309393.608;77.47775937;42.76206166;1857.05185;-0.37;5.03;-0.37;5.03;0.11;0.13;0.056;-1.34;-1.34;0.52;HOD4;HODJ;Kyrgyzstan
1237425.348;4527755.227;4305861.1;74.71446226;42.7234454;1295.29558;-1.21;2.09;-1.21;2.09;0.06;0.06;-0.003;0.35;0.35;0.09;IV7A;I7AA;Kyrgyzstan
1226976.314;4527701.17;4308387.243;74.83739756;42.75722254;956.22815;-0.81;2.83;-0.81;2.83;0.05;0.06;-0.006;1.94;1.94;0.09;I8AA;I8AA;Kyrgyzstan
1226986.61;4527713.016;4308376.019;74.83731402;42.75706205;958.98156;-0.81;2.83;-0.81;2.83;0.05;0.06;-0.006;1.94;1.94;0.09;IV8A;I8AA;Kyrgyzstan
1227566.636;4535311.094;4301404.062;74.85472193;42.66525886;1730.09471;-0.86;2.8;-0.86;2.8;0.14;0.15;-0.052;3.38;3.38;0.43;IA14;IA14;Kyrgyzstan
1228101.478;4535820.973;4300835.519;74.85005146;42.65764238;1809.50862;-0.98;2.69;-0.98;2.69;0.07;0.07;-0.001;0.17;0.17;0.12;IAT1;IAT1;Kyrgyzstan
1228029.453;4535611.501;4301040.026;74.85023164;42.66034368;1785.55497;-0.88;3.47;-0.88;3.47;0.06;0.06;-0.001;-0.05;-0.05;0.1;IAT3;IAT3;Kyrgyzstan
1227675.063;4535676.469;4301034.562;74.85460974;42.66048982;1759.86992;-1.01;2.96;-1.01;2.96;0.07;0.07;-0.001;0.34;0.34;0.11;IAT5;IAT5;Kyrgyzstan
1227749.76;4535893.874;4300814.049;74.85442317;42.65763163;1779.12055;-1.92;2.19;-1.92;2.19;0.17;0.18;0.009;-0.72;-0.72;0.49;IAT7;IAT7;Kyrgyzstan
1227887.862;4535746.715;4300932.657;74.85232895;42.6590628;1781.56703;-1.27;3.97;-1.27;3.97;0.28;0.28;0.003;0.45;0.45;0.91;IAT9;IAT9;Kyrgyzstan
1228955.528;4536022.977;4300532.499;74.84064463;42.65308639;1911.78479;-0.8;2.95;-0.8;2.95;0.06;0.07;-0.001;1.74;1.74;0.13;IATA;IATA;Kyrgyzstan
1106518.541;4611396.273;4253883.396;76.50681098;42.08370719;2050.93605;0.22;7.2;0.22;7.2;0.1;0.11;0.035;-0.19;-0.19;0.42;ICH4;ICHK;Kyrgyzstan
1289638.226;4546009.142;4273032.567;74.16211382;42.31353127;2394.47586;-0.84;3.15;-0.84;3.15;0.72;0.88;-0.028;2.06;2.06;2.98;IIR4;IIRS;Kyrgyzstan
1289638.892;4546010.144;4273031.356;74.16210936;42.31351627;2394.5073;-0.84;3.15;-0.84;3.15;0.72;0.88;-0.028;2.06;2.06;2.98;IIR5;IIRS;Kyrgyzstan
1289638.863;4546010.918;4273029.652;74.16211227;42.31350047;2393.90539;-0.84;3.15;-0.84;3.15;0.72;0.88;-0.028;2.06;2.06;2.98;IIRS;IIRS;Kyrgyzstan
1234410.384;4534328.517;4300593.041;74.7710493;42.65474055;1801.62535;105.21;76.48;105.21;76.48;393.47;424.35;-0.009;8.74;8.74;482.07;IK01;IK01;Kyrgyzstan
1234777.075;4533184.474;4301507.235;74.76306985;42.66693513;1680.2404;-1.22;-6.36;-1.22;-6.36;0.13;0.14;0.01;-16.95;-16.95;0.38;IK02;IK02;Kyrgyzstan
1234582.578;4531886.417;4302736.035;74.7611976;42.68301777;1554.79177;-0.77;2.95;-0.77;2.95;0.13;0.15;0.006;6.21;6.21;0.4;IK03;IK03;Kyrgyzstan
1234781.988;4531382.694;4303158.725;74.75723526;42.68845972;1522.64385;10.61;76.52;10.61;76.52;374.51;406.84;0.02;-11.07;-11.07;479.41;IK04;IK04;Kyrgyzstan
1234556.255;4533714.739;4301100.088;74.76736712;42.66147419;1737.8691;-0.77;2.88;-0.77;2.88;0.06;0.06;-0.002;1.59;1.59;0.11;IK05;IK05;Kyrgyzstan
1234278.115;4532638.467;4302119.355;74.76719136;42.67499889;1611.37697;-1.17;2.05;-1.17;2.05;0.13;0.14;0.008;-0.62;-0.62;0.38;IK06;IK06;Kyrgyzstan
1372886.326;4724276.482;4050505.531;73.79600596;39.65421605;3141.68307;0.07;10.81;0.07;10.81;0.21;0.23;-0.004;1.12;1.12;0.9;IKIZ;IKIZ;Kyrgyzstan
1372885.795;4724278.039;4050504.404;73.79601696;39.6542005;3142.00028;0.07;10.81;0.07;10.81;0.21;0.23;-0.004;1.12;1.12;0.9;IKZ4;IKIZ;Kyrgyzstan
1372887.548;4724277.289;4050504.415;73.79599492;39.6542019;3141.82994;0.07;10.81;0.07;10.81;0.21;0.23;-0.004;1.12;1.12;0.9;IKZ5;IKIZ;Kyrgyzstan
941556.747;4502344.22;4404902.723;78.18819669;43.95268894;855.90812;-0.66;1.65;-0.66;1.65;0.31;0.34;0.017;1.17;1.17;1.47;ILI4;ILI0;Kazakhstan
1232918.723;4534011.269;4301240.053;74.78758382;42.66327771;1726.94706;-1.29;3.08;-1.29;3.08;0.13;0.14;0.008;2.14;2.14;0.4;INT2;INT2;Kyrgyzstan
1232523.761;4534060.099;4301307.079;74.79238756;42.66406587;1730.82192;0;2.78;0;2.78;0.11;0.12;0.004;0.32;0.32;0.33;INT3;INT3;Kyrgyzstan
1232704.348;4534154.861;4301174.667;74.79056573;42.66234296;1743.16718;-0.61;2.68;-0.61;2.68;0.13;0.14;0.005;2.08;2.08;0.37;INT4;INT4;Kyrgyzstan
900236.4955;4661686.255;4248526.655;79.06993371;42.01463525;2562.16727;1.27;10.42;1.27;10.42;0.07;0.08;-0.004;2.76;2.76;0.23;INY4;INYL;Kyrgyzstan
900115.9258;4661576.814;4248678.646;79.07111194;42.01643647;2567.07916;0.78;7.34;0.78;7.34;4.82;4.39;0.057;49.38;49.38;19.09;INY5;INYL;Kyrgyzstan
900113.5832;4661588.427;4248667.234;79.07116627;42.01629416;2567.58251;0.78;7.34;0.78;7.34;4.82;4.39;0.057;49.38;49.38;19.09;INY6;INYL;Kyrgyzstan
1224199.241;4540492.242;4296972.514;74.91081722;42.61078187;1761.87698;0.53;4.71;0.53;4.71;0.6;0.64;-0.147;0.82;0.82;2.43;ISA5;ISAT;Kyrgyzstan
1224198.164;4540489.438;4296975.607;74.91082099;42.61082056;1761.77241;0.53;4.71;0.53;4.71;0.6;0.64;-0.147;0.82;0.82;2.43;ISAT;ISAT;Kyrgyzstan
976528.8716;4678340.079;4214870.353;78.20970851;41.60076641;3498.26471;0.81;11.12;0.81;11.12;0.1;0.11;0.025;1.13;1.13;0.38;ISH4;ISHT;Kyrgyzstan
976510.5523;4678344.749;4214868.422;78.20993494;41.60074846;3497.60193;0.81;11.12;0.81;11.12;0.11;0.11;0.022;1.13;1.13;0.38;ISH5;ISHT;Kyrgyzstan
976525.735;4678342.631;4214867.067;78.20975157;41.6007332;3497.47129;0.81;11.12;0.81;11.12;0.1;0.11;0.025;1.13;1.13;0.38;ISH6;ISHT;Kyrgyzstan
976517.7657;4678341.294;4214871.758;78.20984182;41.60078231;3498.38988;0.81;11.12;0.81;11.12;0.1;0.11;0.025;1.13;1.13;0.38;ISHT;ISHT;Kyrgyzstan
1007940.988;4542920.013;4349819.07;77.49038492;43.26078689;1712.23917;-0.3;2.66;-0.3;2.66;0.2;0.23;0.011;-0.64;-0.64;0.96;ISY4;ISYK;Kazakhstan
1007936.108;4542922.141;4349817.763;77.49044925;43.26077203;1712.08686;-0.3;2.66;-0.3;2.66;0.2;0.23;0.011;-0.64;-0.64;0.96;ISY5;ISYK;Kazakhstan
1007939.781;4542917.881;4349821.85;77.49039374;43.26081956;1712.43775;-0.3;2.66;-0.3;2.66;0.2;0.23;0.011;-0.64;-0.64;0.96;ISY6;ISYK;Kazakhstan
1007940.914;4542919.152;4349818.79;77.49038351;43.26079034;1711.42351;-0.3;2.66;-0.3;2.66;0.2;0.23;0.011;-0.64;-0.64;0.96;ISYK;ISYK;Kazakhstan
1252688.138;4515473.623;4313566.603;74.49485734;42.82196052;810.50478;-1.2;1.86;-1.2;1.86;0.09;0.09;-0.003;0.21;0.21;0.2;IV01;IV01;Kyrgyzstan
1237721.33;4517205.749;4316007.017;74.67694774;42.8521932;777.15773;-1.02;2.06;-1.02;2.06;0.81;0.97;-0.009;-0.68;-0.68;4.68;IV02;IV02;Kyrgyzstan
1231126.381;4523030.793;4311865.276;74.77350648;42.80110182;808.66926;-1.86;1.98;-1.86;1.98;0.06;0.06;-0.005;-6.54;-6.54;0.1;I03A;IV03;Kyrgyzstan
1231188.154;4522980.484;4311901.355;74.77261645;42.80153773;809.47102;-1.86;1.98;-1.86;1.98;0.06;0.06;-0.005;-6.54;-6.54;0.1;IV03;IV03;Kyrgyzstan
1223509.177;4524316.059;4312637.283;74.86748325;42.81081185;780.01212;-1.04;1.15;-1.04;1.15;0.06;0.06;-0.005;0.19;0.19;0.12;I04A;IV04;Kyrgyzstan
1223508.569;4524313.168;4312640.426;74.8674812;42.81085064;779.98431;-1.04;1.15;-1.04;1.15;0.06;0.06;-0.005;0.19;0.19;0.12;IV04;IV04;Kyrgyzstan
1211634.697;4532084.383;4308110.074;75.03224936;42.75389376;947.96635;-0.68;1.7;-0.68;1.7;0.05;0.06;-0.003;0.11;0.11;0.09;IV05;IV05;Kyrgyzstan
1243846.193;4523571.215;4308119.03;74.62534896;42.75264902;1110.75131;-1.15;2.15;-1.15;2.15;0.05;0.06;-0.004;0.24;0.24;0.09;IV06;IV06;Kyrgyzstan
1237824.295;4524859.704;4308575.243;74.70043877;42.75780351;1163.33823;-1.09;2.08;-1.09;2.08;0.05;0.06;-0.006;0.49;0.49;0.09;IV07;IV07;Kyrgyzstan
1231106.113;4528811.861;4306438.041;74.79228134;42.73118246;1214.8876;-1.17;2.5;-1.17;2.5;0.05;0.06;-0.008;0.66;0.66;0.09;IV08;IV08;Kyrgyzstan
1224449.104;4532218.566;4304933.789;74.88158699;42.71179123;1330.75836;-1.04;2.62;-1.04;2.62;0.06;0.06;0.016;0.99;0.99;0.15;I09A;IV09;Kyrgyzstan
1224437.693;4532285.171;4304883.803;74.88193344;42.7110863;1341.91131;-1.04;2.62;-1.04;2.62;0.06;0.06;0.016;0.99;0.99;0.15;IV09;IV09;Kyrgyzstan
1212381.244;4538718.36;4301461.81;75.04435008;42.66962282;1289.23004;-1.24;2.25;-1.24;2.25;0.06;0.06;-0.007;0.79;0.79;0.11;I10A;IV10;Kyrgyzstan
1212362.773;4538658.399;4301531.08;75.044379;42.67046367;1290.08029;-1.24;2.25;-1.24;2.25;0.06;0.06;-0.007;0.79;0.79;0.11;IV10;IV10;Kyrgyzstan
1204405.432;4542753.351;4299653.596;75.15098745;42.64638357;1423.07547;-0.84;2.63;-0.84;2.63;0.05;0.05;-0.004;0.9;0.9;0.08;IV11;IV11;Kyrgyzstan
1192598.379;4543320.92;4302055.753;75.29197173;42.67730409;1239.74583;-0.64;2.26;-0.64;2.26;0.06;0.06;-0.001;0.34;0.34;0.1;IV12;IV12;Kyrgyzstan
1259308.1;4516686.973;4310552.02;74.42087336;42.78405602;921.25851;-0.81;0.35;-0.81;0.35;0.26;0.28;0.004;3.73;3.73;1.01;IV13;IV13;Kyrgyzstan
1249227.399;4530288.11;4301312.014;74.58380052;42.65938506;2302.52904;-1.8;1.88;-1.8;1.88;0.17;0.18;-0.005;2.41;2.41;0.6;IV14;IV14;Kyrgyzstan
1235053.99;4531863.915;4302648.714;74.75557736;42.6818164;1570.73773;-0.2;3.12;-0.2;3.12;0.26;0.29;0.006;1.6;1.6;1.07;IV15;IV15;Kyrgyzstan
1223955.969;4536216.104;4301399.064;74.9001068;42.66564236;1676.48438;-0.83;2.92;-0.83;2.92;0.05;0.05;-0.003;0.25;0.25;0.08;IV16;IV16;Kyrgyzstan
1215074.913;4543039.037;4296498.609;75.02622854;42.60707462;1509.68688;-0.81;3.05;-0.81;3.05;0.06;0.06;-0.018;0.56;0.56;0.1;IV17;IV17;Kyrgyzstan
1289216.406;4516474.78;4302548.794;74.06873749;42.68279563;1305.36545;-1.03;1.53;-1.03;1.53;0.06;0.06;-0.003;0.12;0.12;0.09;IV18;IV18;Kyrgyzstan
1274422.568;4522259.845;4301019.985;74.26157979;42.66335289;1393.15023;-1;2.32;-1;2.32;0.05;0.06;-0.006;0.03;0.03;0.09;IV19;IV19;Kyrgyzstan
1256972.21;4527974.752;4300511.23;74.48527029;42.65508769;1639.01891;-1.06;2.56;-1.06;2.56;0.06;0.06;-0.01;0.04;0.04;0.1;IV20;IV20;Kyrgyzstan
1258448.721;4532726.135;4295518.327;74.48342165;42.59171619;1917.32415;-1.26;3.11;-1.26;3.11;0.06;0.06;-0.004;1.12;1.12;0.13;IV21;IV21;Kyrgyzstan
1234559.456;4533714.833;4301097.033;74.76732975;42.66144828;1736.48396;-0.77;2.88;-0.77;2.88;0.06;0.06;-0.002;1.59;1.59;0.11;IV22;IV22;Kyrgyzstan
1241218.134;4523842.669;4308590.331;74.65717811;42.75841731;1111.80695;-1.12;2.19;-1.12;2.19;0.06;0.06;0.001;0.38;0.38;0.11;I23A;IV23;Kyrgyzstan
1241217.845;4523842.709;4308590.371;74.65718165;42.7584178;1111.80612;-1.12;2.19;-1.12;2.19;0.06;0.06;0.001;0.38;0.38;0.11;IV23;IV23;Kyrgyzstan
1231780.08;4524913.56;4310015.18;74.77184159;42.77672473;1011.08026;-0.75;1.48;-0.75;1.48;0.06;0.07;-0.003;0.2;0.2;0.12;I24A;IV24;Kyrgyzstan
1231784.947;4524913.746;4310014.246;74.7717848;42.77670964;1011.51564;-0.75;1.48;-0.75;1.48;0.06;0.07;-0.003;0.2;0.2;0.12;IV24;IV24;Kyrgyzstan
1219650.545;4528100.448;4309861.456;74.9250634;42.77628514;837.51588;-1.72;1.3;-1.72;1.3;0.07;0.07;-0.003;-2.21;-2.21;0.12;I25A;IV25;Kyrgyzstan
1219650.979;4528097.522;4309864.172;74.92504899;42.77631966;837.36961;-1.72;1.3;-1.72;1.3;0.07;0.07;-0.003;-2.21;-2.21;0.12;IV25;IV25;Kyrgyzstan
1218402.099;4531169.07;4307257.412;74.94952921;42.74295225;1006.96004;-0.83;2.34;-0.83;2.34;0.12;0.13;0.006;-1.21;-1.21;0.36;I26A;IV26;Kyrgyzstan
1218405.516;4531168.574;4307257.217;74.94948734;42.74294847;1007.12725;-0.83;2.34;-0.83;2.34;0.12;0.13;0.006;-1.21;-1.21;0.36;IV26;IV26;Kyrgyzstan
1204375.003;4536884.354;4305265.901;75.13298767;42.71817652;1051.91694;-0.63;1.99;-0.63;1.99;0.06;0.06;-0.003;0.15;0.15;0.11;I27A;IV27;Kyrgyzstan
1204370.854;4536886.946;4305264.665;75.13304475;42.71815956;1052.13641;-0.63;1.99;-0.63;1.99;0.06;0.06;-0.003;0.15;0.15;0.11;IV27;IV27;Kyrgyzstan
1217839.486;4524341.78;4314163.469;74.93449377;42.82977092;752.29749;-0.91;0.97;-0.91;0.97;0.06;0.06;-0.002;0.41;0.41;0.11;I28A;IV28;Kyrgyzstan
1217838.616;4524309.266;4314206.681;74.9344007;42.83024965;758.48283;-0.91;0.97;-0.91;0.97;0.06;0.06;-0.002;0.41;0.41;0.11;IV28;IV28;Kyrgyzstan
1233289.732;4517748.849;4316602.218;74.73099545;42.86007035;709.00126;-0.9;1.14;-0.9;1.14;0.06;0.07;-0.005;-0.88;-0.88;0.13;I29A;IV29;Kyrgyzstan
1233286.562;4517750.524;4316601.82;74.73103826;42.86006294;709.30308;-0.9;1.14;-0.9;1.14;0.06;0.07;-0.005;-0.88;-0.88;0.13;IV29;IV29;Kyrgyzstan
1234562.297;4510634.658;4323499.45;74.6930006;42.94553669;623.32021;-0.89;0.95;-0.89;0.95;0.07;0.07;-0.002;0.36;0.36;0.13;I30A;IV30;Kyrgyzstan
1234558.702;4510632.917;4323502.427;74.69303745;42.94557242;623.42493;-0.89;0.95;-0.89;0.95;0.07;0.07;-0.002;0.36;0.36;0.13;IV30;IV30;Kyrgyzstan
1221161.263;4515745.125;4322063.174;74.86783889;42.92740784;679.56773;-0.25;1.02;-0.25;1.02;0.07;0.08;0;-0.07;-0.07;0.14;I31A;IV31;Kyrgyzstan
1221160.978;4515745.214;4322063.226;74.86784254;42.92740811;679.6116;-0.25;1.02;-0.25;1.02;0.07;0.08;0;-0.07;-0.07;0.14;IV31;IV31;Kyrgyzstan
1245319.636;4532653.091;4299501.393;74.63738146;42.63982139;1990.1595;-0.76;2.79;-0.76;2.79;0.07;0.07;0;0.6;0.6;0.14;I32A;IV32;Kyrgyzstan
1245321;4532649.893;4299504.634;74.63735511;42.63985944;1990.35275;-0.76;2.79;-0.76;2.79;0.07;0.07;0;0.6;0.6;0.14;IV32;IV32;Kyrgyzstan
1244771.129;4526017.53;4305516.397;74.62237991;42.71953955;1257.15278;-1.11;2.36;-1.11;2.36;0.06;0.07;0.001;0.14;0.14;0.12;I33A;IV33;Kyrgyzstan
1244766.973;4526018.108;4305516.146;74.62243069;42.71954123;1256.58193;-1.11;2.36;-1.11;2.36;0.06;0.07;0.001;0.14;0.14;0.12;IV33;IV33;Kyrgyzstan
1252264.132;4518572.792;4310688.195;74.50997357;42.78538095;962.68465;-1.27;1.94;-1.27;1.94;0.06;0.06;-0.004;0.25;0.25;0.11;I34A;IV34;Kyrgyzstan
1252262.575;4518569.882;4310691.353;74.50998241;42.7854215;962.46655;-1.27;1.94;-1.27;1.94;0.06;0.06;-0.004;0.25;0.25;0.11;IV34;IV34;Kyrgyzstan
1242897.908;4519241.067;4312553.592;74.62249211;42.80900346;873.75422;-1.11;1.26;-1.11;1.26;0.07;0.07;-0.005;0.43;0.43;0.13;I35A;IV35;Kyrgyzstan
1242898.83;4519237.907;4312556.644;74.622471;42.80904076;873.7724;-1.11;1.26;-1.11;1.26;0.07;0.07;-0.005;0.43;0.43;0.13;IV35;IV35;Kyrgyzstan
1243970.551;4530312.248;4301608.266;74.64568346;42.6697096;1494.85528;-1.05;2.63;-1.05;2.63;0.06;0.06;-0.005;0.39;0.39;0.13;I36A;IV36;Kyrgyzstan
1243967.719;4530312.668;4301608.851;74.64571813;42.66971558;1494.99783;-1.05;2.63;-1.05;2.63;0.06;0.06;-0.005;0.39;0.39;0.13;IV36;IV36;Kyrgyzstan
1206774.196;4546694.884;4295115.452;75.13540262;42.58941011;1600.77269;-0.88;3.2;-0.88;3.2;0.06;0.06;-0.038;0.46;0.46;0.15;I37A;IV37;Kyrgyzstan
1206775.966;4546694.21;4295116.787;75.13537968;42.58942016;1601.53016;-0.88;3.2;-0.88;3.2;0.06;0.06;-0.038;0.46;0.46;0.15;IV37;IV37;Kyrgyzstan
1233040.539;4530556.073;4304315.366;74.77508604;42.70377054;1384.48258;-0.93;2.33;-0.93;2.33;0.05;0.05;-0.003;0.32;0.32;0.08;IV8B;IV8B;Kyrgyzstan
1228093.685;4535819.343;4300836.384;74.85013799;42.65767012;1807.44075;-0.98;2.69;-0.98;2.69;0.07;0.07;-0.001;0.17;0.17;0.12;IVA1;IVA1;Kyrgyzstan
1228017.518;4535600.138;4301050.457;74.85033591;42.66049862;1782.26459;-0.88;3.47;-0.88;3.47;0.06;0.06;-0.001;-0.05;-0.05;0.1;IVA2;IVA2;Kyrgyzstan
1227678.44;4535672.222;4301035.894;74.85455646;42.66051826;1758.40684;-1.01;2.96;-1.01;2.96;0.07;0.07;-0.001;0.34;0.34;0.11;IVA3;IVA3;Kyrgyzstan
1227743.298;4535893.447;4300813.551;74.85449787;42.65764114;1777.23881;-1.92;2.19;-1.92;2.19;0.17;0.18;0.009;-0.72;-0.72;0.49;IVA4;IVA4;Kyrgyzstan
1232695.839;4534235.07;4301106.25;74.79092244;42.66143175;1752.07823;-1.19;3.28;-1.19;3.28;0.26;0.28;0.005;6.22;6.22;0.89;IVN1;IVN1;Kyrgyzstan
1232774.544;4534084.599;4301209.56;74.78951496;42.66287506;1730.49843;0.32;0.09;0.32;0.09;0.29;0.31;0.007;0.75;0.75;1.05;IVN2;IVN2;Kyrgyzstan
1232589.453;4534065.041;4301280.839;74.79163036;42.66375804;1729.21807;0;2.78;0;2.78;0.11;0.12;0.004;0.32;0.32;0.33;IVN3;IVN3;Kyrgyzstan
1232586.528;4534255.017;4301119.512;74.79227247;42.66157702;1754.13363;-1.18;2.75;-1.18;2.75;0.11;0.12;0.005;2.05;2.05;0.35;IVN4;IVN4;Kyrgyzstan
986589.4919;4583900.048;4312153.413;77.85356424;42.7951668;1944.95869;-0.28;4.62;-0.28;4.62;0.1;0.12;-0.041;-0.59;-0.59;0.4;IYG4;IYGL;Kyrgyzstan
1482853.185;4438430.705;4320594.419;71.52583409;42.90768489;879.31724;-0.91;0.93;-0.91;0.93;0.19;0.19;0.013;-0.89;-0.89;0.72;JAM4;JAMB;Kazakhstan
1482851.573;4438432.974;4320593.331;71.52586161;42.90766766;879.77863;-0.91;0.93;-0.91;0.93;0.19;0.19;0.013;-0.89;-0.89;0.72;JAM5;JAMB;Kazakhstan
1482855.111;4438432.877;4320592.31;71.52582014;42.90765462;879.83745;-0.91;0.93;-0.91;0.93;0.19;0.19;0.013;-0.89;-0.89;0.72;JAM6;JAMB;Kazakhstan
1482828.363;4438432.117;4320606.633;71.52612781;42.9078054;882.85321;-0.91;0.93;-0.91;0.93;0.19;0.19;0.013;-0.89;-0.89;0.72;JAMB;JAMB;Kazakhstan
913360.3156;4563224.853;4349114.179;78.68143138;43.2540597;1478.09363;0.82;3.77;0.82;3.77;0.14;0.16;0.007;0.52;0.52;0.57;JAP4;JAPA;Kazakhstan
1294240.933;4533530.06;4284513.338;74.06691285;42.45501514;2198.67822;-1.53;2.44;-1.53;2.44;0.79;0.91;0.273;2.47;2.47;3.27;JAR4;JART;Kyrgyzstan
1294246.767;4533531.266;4284511.856;74.0668487;42.45498853;2199.71515;-1.53;2.44;-1.53;2.44;0.79;0.91;0.273;2.47;2.47;3.27;JAR5;JART;Kyrgyzstan
1182885;4519913.578;4329335.163;75.33430614;43.01095844;1382.60884;-0.99;1.16;-0.99;1.16;0.12;0.13;-0.005;0.2;0.2;0.45;JJO4;JJOL;Kazakhstan
1106460.787;4604163.501;4261729.957;76.48707055;42.17862032;2089.01234;0.75;6.48;0.75;6.48;0.13;0.15;-0.016;-0.25;-0.25;0.47;JKT4;JKTY;Kyrgyzstan
808159.1763;4649383.336;4280644.887;80.13932738;42.40233402;2869.61641;45.95;420.25;45.95;420.25;531.54;517.38;0.049;-15.3;-15.3;833.23;JKU4;JKUL;Kazakhstan
1361861.411;4652868.805;4132834.246;73.68562411;40.63660844;1460.14861;-2.37;7.9;-2.37;7.9;0.07;0.07;-0.028;0.95;0.95;0.22;JLK4;JLKL;Kyrgyzstan
1361861.451;4652870.078;4132831.27;73.68562788;40.63658088;1459.1452;-2.37;7.9;-2.37;7.9;0.07;0.07;-0.028;0.95;0.95;0.22;JLK5;JLKL;Kyrgyzstan
1361859.278;4652868.987;4132833.997;73.68564891;40.63660922;1459.66379;-2.37;7.9;-2.37;7.9;0.15;0.09;-0.01;0.95;0.95;0.22;JLK6;JLKL;Kyrgyzstan
1361861.695;4652868.958;4132832.512;73.68562139;40.63659526;1459.19082;-2.37;7.9;-2.37;7.9;0.07;0.07;-0.028;0.95;0.95;0.22;JLKL;JLKL;Kyrgyzstan
952222.5043;4567419.884;4337427.464;78.22357565;43.10416001;2151.24674;0.42;3.7;0.42;3.7;0.17;0.2;0.002;-0.04;-0.04;0.76;JNI4;JNIS;Kazakhstan
1084630.827;4614680.844;4255923.851;76.77332117;42.10856715;2037.26738;0.29;7.79;0.29;7.79;0.09;0.1;0.004;0.46;0.46;0.3;JRU4;JRUY;Kyrgyzstan
1175320.153;4592615.452;4255557.096;75.6452228;42.10497841;1931.48615;-0.96;5.44;-0.96;5.44;0.05;0.06;0.034;0.58;0.58;0.17;JUA4;JUAN;Kyrgyzstan
1175318.956;4592615.665;4255557.453;75.64523745;42.10498134;1931.65864;-0.96;5.44;-0.96;5.44;0.05;0.06;0.034;0.58;0.58;0.17;JUA5;JUAN;Kyrgyzstan
1175317.265;4592618.307;4255555.27;75.64526518;42.10495384;1931.78272;-0.96;5.44;-0.96;5.44;0.05;0.06;0.034;0.58;0.58;0.17;JUA6;JUAN;Kyrgyzstan
1175316.935;4592617.211;4255556.709;75.64526575;42.10497036;1931.89923;-0.96;5.44;-0.96;5.44;0.05;0.06;0.034;0.58;0.58;0.17;JUAN;JUAN;Kyrgyzstan
1589441.505;3623611.308;4985851.19;66.31607833;51.75097962;195.48881;-1.11;2.04;-1.11;2.04;0.38;0.35;-0.039;-0.56;-0.56;1.3;K050;K050;Kazakhstan
1589438.17;3623610.96;4985852.711;66.31612053;51.75099979;195.65695;-1.11;2.04;-1.11;2.04;0.38;0.35;-0.039;-0.56;-0.56;1.3;K051;K050;Kazakhstan
1589437.363;3623608.36;4985854.276;66.31611611;51.75102759;195.21168;-1.11;2.04;-1.11;2.04;0.38;0.35;-0.039;-0.56;-0.56;1.3;K052;K050;Kazakhstan
1751393.277;3896118.376;4720981.49;65.79500535;48.05179241;341.07951;-0.21;0.81;-0.21;0.81;0.39;0.37;0.018;1.09;1.09;1.46;K070;K070;Kazakhstan
1751389.549;3896118.266;4720983.234;65.79505035;48.05181379;341.28796;-0.21;0.81;-0.21;0.81;0.39;0.37;0.018;1.09;1.09;1.46;K071;K070;Kazakhstan
1751390.114;3896120.708;4720980.901;65.79505687;48.05178332;341.19666;-0.21;0.81;-0.21;0.81;0.39;0.37;0.018;1.09;1.09;1.46;K072;K070;Kazakhstan
1432296.343;3939351.842;4791866.68;70.01940149;49.01301261;475.12691;-2.3;0;-2.3;0;0.39;0.38;0.027;1.62;1.62;1.54;K080;K080;Kazakhstan
1432293.894;3939352.84;4791866.705;70.01943761;49.01301207;475.21184;-2.3;0;-2.3;0;0.39;0.38;0.027;1.62;1.62;1.54;K081;K080;Kazakhstan
1432295.23;3939353.235;4791865.767;70.01942229;49.01300092;475.0472;-2.3;0;-2.3;0;0.39;0.38;0.027;1.62;1.62;1.54;K082;K080;Kazakhstan
1713399.889;3933359.332;4704453.294;66.46170894;47.82749532;583.84483;-0.97;0.39;-0.97;0.39;0.36;0.34;0.023;1.63;1.63;1.28;K090;K090;Kazakhstan
1713391.347;3933353.185;4704460.435;66.46178075;47.82759873;583.06369;-0.97;0.39;-0.97;0.39;0.36;0.34;0.023;1.63;1.63;1.28;K091;K090;Kazakhstan
1713404.612;3933355.485;4704454.986;66.46163061;47.82751647;583.99686;-0.97;0.39;-0.97;0.39;0.36;0.34;0.023;1.63;1.63;1.28;K092;K090;Kazakhstan
1770608.928;4207120.87;4440179.767;67.17572096;44.40119661;184.487;-1.41;1.58;-1.41;1.58;0.48;0.48;0.022;-1.31;-1.31;1.99;K100;K100;Kazakhstan
1770610.887;4207116.38;4440182.962;67.17567643;44.40123844;184.3087;-1.41;1.58;-1.41;1.58;0.48;0.48;0.022;-1.31;-1.31;1.99;K101;K100;Kazakhstan
1770610.963;4207118.194;4440181.103;67.17568438;44.40121577;184.22361;-1.41;1.58;-1.41;1.58;0.48;0.48;0.022;-1.31;-1.31;1.99;K102;K100;Kazakhstan
1661552.221;4336235.639;4358284.293;69.03424224;43.37622886;447.68394;-1.55;1.74;-1.55;1.74;0.43;0.4;0.009;1.28;1.28;1.73;K110;K110;Kazakhstan
1661550.43;4336232.746;4358288.404;69.0342501;43.37627641;448.07796;-1.55;1.74;-1.55;1.74;0.43;0.4;0.009;1.28;1.28;1.73;K111;K110;Kazakhstan
1661549.357;4336237.374;4358282.718;69.03428289;43.37621487;447.03491;-1.55;1.74;-1.55;1.74;0.43;0.4;0.009;1.28;1.28;1.73;K112;K110;Kazakhstan
1611552.454;4344868.298;4368834.185;69.64970974;43.50434257;758.94028;-2.09;1.64;-2.09;1.64;0.45;0.41;-0.001;5.74;5.74;1.7;K120;K120;Kazakhstan
1611553.885;4344865.842;4368836.12;69.64968259;43.50436638;758.96291;-2.09;1.64;-2.09;1.64;0.45;0.41;-0.001;5.74;5.74;1.7;K121;K120;Kazakhstan
1611558.757;4344865.165;4368835.118;69.64962321;43.50435327;759.04173;-2.09;1.64;-2.09;1.64;0.45;0.41;-0.001;5.74;5.74;1.7;K122;K120;Kazakhstan
1293915.031;3610796.496;5079201.305;70.2850546;53.126101;280.75877;-1.08;0.55;-1.08;0.55;0.3;0.29;0.003;-0.24;-0.24;1.03;K131;K130;Kazakhstan
1091383.424;3808608.319;4982010.463;74.00997346;51.69419693;288.58485;-1.21;-0.33;-1.21;-0.33;0.39;0.39;-0.014;-0.23;-0.23;1.4;K140;K140;Kazakhstan
1091380.737;3808607.426;4982011.756;74.01000724;51.6942154;288.60902;-1.21;-0.33;-1.21;-0.33;0.39;0.39;-0.014;-0.23;-0.23;1.4;K141;K140;Kazakhstan
1091379.866;3808609.53;4982010.246;74.01002773;51.69419442;288.52846;-1.21;-0.33;-1.21;-0.33;0.39;0.39;-0.014;-0.23;-0.23;1.4;K142;K140;Kazakhstan
1243943.045;3794262.79;4957434.289;71.8483514;51.3381086;389.46761;-1.8;0.13;-1.8;0.13;0.36;0.38;-0.003;0.58;0.58;1.38;K150;K150;Kazakhstan
1243940.82;3794261.678;4957436.295;71.84837676;51.33813214;389.9407;-1.8;0.13;-1.8;0.13;0.36;0.38;-0.003;0.58;0.58;1.38;K151;K150;Kazakhstan
1243942.108;3794262.248;4957435.395;71.84836175;51.33812047;389.82725;-1.8;0.13;-1.8;0.13;0.36;0.38;-0.003;0.58;0.58;1.38;K152;K150;Kazakhstan
1169983.169;3990665.724;4820713.368;73.65992085;49.40718769;746.40658;-0.82;-0.43;-0.82;-0.43;0.38;0.37;0.04;-0.96;-0.96;1.39;K160;K160;Kazakhstan
1169986.732;3990665.119;4820713.498;73.6598714;49.40718557;746.77983;-0.82;-0.43;-0.82;-0.43;0.38;0.37;0.04;-0.96;-0.96;1.39;K161;K160;Kazakhstan
1169984.858;3990665.849;4820713.069;73.65989901;49.40718188;746.56636;-0.82;-0.43;-0.82;-0.43;0.38;0.37;0.04;-0.96;-0.96;1.39;K162;K160;Kazakhstan
1161430.326;4208155.76;4635038.397;74.57075638;46.90741809;409.49751;-0.31;0.12;-0.31;0.12;0.34;0.37;0.022;0.24;0.24;1.42;K170;K170;Kazakhstan
1161436.38;4208150.279;4635041.87;74.57066065;46.90746355;409.52475;-0.31;0.12;-0.31;0.12;0.34;0.37;0.022;0.24;0.24;1.42;K171;K170;Kazakhstan
1161428.64;4208145.045;4635047.977;74.5707403;46.90754775;409.13025;-0.31;0.12;-0.31;0.12;0.34;0.37;0.022;0.24;0.24;1.42;K172;K170;Kazakhstan
1262233.367;4275678.207;4546479.366;73.55274432;45.75469965;298.06499;-0.15;-0.25;-0.15;-0.25;0.32;0.35;0.004;-0.27;-0.27;1.37;K180;K180;Kazakhstan
1262235.127;4275678.32;4546479.434;73.55272305;45.75469616;298.53741;-0.15;-0.25;-0.15;-0.25;0.32;0.35;0.004;-0.27;-0.27;1.37;K181;K180;Kazakhstan
1262235.484;4275677.079;4546480.381;73.55271412;45.75470912;298.45538;-0.15;-0.25;-0.15;-0.25;0.32;0.35;0.004;-0.27;-0.27;1.37;K182;K180;Kazakhstan
991952.9193;3915176.44;4920372.509;75.78265831;50.80776905;404.84142;-1.7;-0.52;-1.7;-0.52;0.39;0.41;0.035;1.05;1.05;1.55;K190;K190;Kazakhstan
991950.9937;3915174.815;4920374.64;75.78267913;50.80779543;405.19883;-1.7;-0.52;-1.7;-0.52;0.39;0.41;0.035;1.05;1.05;1.55;K191;K190;Kazakhstan
991950.2178;3915176.533;4920373.318;75.78269578;50.80777764;405.10601;-1.7;-0.52;-1.7;-0.52;0.39;0.41;0.035;1.05;1.05;1.55;K192;K190;Kazakhstan
1377948.926;4480272.482;4312464.308;72.90423931;42.80629371;1067.40448;-0.71;1.17;-0.71;1.17;0.16;0.17;0.031;5.54;5.54;0.62;KAKK;KAKK;Kazakhstan
1111367.309;4592860.461;4271949.899;76.39720193;42.3062368;1676.53608;0.42;5.3;0.42;5.3;0.07;0.08;-0.002;0.1;0.1;0.24;KAL4;KAL4;Kyrgyzstan
1367939.521;4566038.246;4226684.043;73.3223084;41.75572585;1924.55217;-1.3;2.47;-1.3;2.47;0.23;0.28;-0.012;0.89;0.89;0.89;KAM4;KAMB;Kyrgyzstan
1147019.543;4625283.643;4229370.952;76.07225089;41.78071906;2848.84839;-0.67;7.59;-0.67;7.59;0.07;0.07;-0.011;1.74;1.74;0.19;KRB4;KARA;Kyrgyzstan
1090890.287;4642386.514;4225302.049;76.77627388;41.7327264;2712.59407;-0.37;9.01;-0.37;9.01;0.08;0.08;0.006;1.54;1.54;0.32;KAR4;KARG;Kyrgyzstan
1090893.522;4642390.811;4225295.491;76.77624786;41.73265286;2711.90225;-0.37;9.01;-0.37;9.01;0.08;0.08;0.006;1.54;1.54;0.32;KAR5;KARG;Kyrgyzstan
1090898.931;4642382.284;4225302.468;76.77616117;41.73274203;2711.27608;-0.37;9.01;-0.37;9.01;0.08;0.08;0.006;1.54;1.54;0.32;KAR6;KARG;Kyrgyzstan
1090894.194;4642384.482;4225301.817;76.7762226;41.73273133;2711.63019;-0.37;9.01;-0.37;9.01;0.08;0.08;0.006;1.54;1.54;0.32;KARG;KARG;Kyrgyzstan
1198653.311;4780017.828;4037538.882;75.92259964;39.51662122;1275.48931;-12.84;32.64;-12.84;32.64;4.35;3.38;-0.02;738.72;738.72;15.03;KASC;KASC;China
1187889.494;4574564.725;4271834.253;75.44335162;42.30019944;2241.86421;-0.49;3.72;-0.49;3.72;0.09;0.1;0.01;2.13;2.13;0.33;KAS4;KASH;Kyrgyzstan
1187888.039;4574561.807;4271837.496;75.4433598;42.30024036;2241.68727;-0.49;3.72;-0.49;3.72;0.09;0.1;0.01;2.13;2.13;0.33;KAS7;KASH;Kyrgyzstan
1187888.97;4574564.695;4271834.391;75.44335767;42.30020134;2241.838;-0.49;3.72;-0.49;3.72;0.09;0.1;0.01;2.13;2.13;0.33;KASH;KASH;Kyrgyzstan
1132244.452;4530197.848;4332074.683;75.9673873;43.04486681;1360.8823;-1.59;2.98;-1.59;2.98;0.37;0.41;-0.006;6.77;6.77;1.75;KAST;KAST;Kazakhstan
1132467.321;4530230.584;4332013.775;75.96483171;43.04393915;1382.0155;-2.32;-0.63;-2.32;-0.63;2;1.97;-0.019;7.57;7.57;9.22;SE10;KAST;Kazakhstan
1095910.135;4687146.86;4175710.94;76.83998308;41.13176283;3428.38009;0.05;12.12;0.05;12.12;0.08;0.08;-0.003;1.21;1.21;0.23;KASU;KASU;Kyrgyzstan
605316.083;4103821.314;4829239.768;81.60933966;49.52817184;458.28985;-1.82;0.24;-1.82;0.24;0.37;0.39;0.024;0.24;0.24;1.54;KAB4;KATB;Kazakhstan
605314.1516;4103823.026;4829238.531;81.6093695;49.52815496;458.26568;-1.82;0.24;-1.82;0.24;0.37;0.39;0.024;0.24;0.24;1.54;KAB5;KATB;Kazakhstan
605317.5164;4103825.045;4829236.347;81.60932759;49.5281252;458.21914;-1.82;0.24;-1.82;0.24;0.37;0.39;0.024;0.24;0.24;1.54;KATB;KATB;Kazakhstan
814259.2067;4621854.573;4307646.884;80.00839768;42.73995487;1941.21662;1.54;8.27;1.54;8.27;0.27;0.28;0.026;0.89;0.89;1.13;KAT4;KATG;Kazakhstan
1009958.025;4487518.442;4404301.365;77.3163794;43.94865411;454.53777;0.52;-0.38;0.52;-0.38;0.44;0.47;0.04;-0.25;-0.25;1.75;KAV0;KAV0;Kazakhstan
1325808.368;4606496.622;4195524.487;73.94350794;41.38493842;1409.20711;-1.55;5.65;-1.55;5.65;0.05;0.05;-0.006;0.76;0.76;0.07;KAZA;KAZA;Kyrgyzstan
1999553.847;4489596.904;4052442.159;65.99300803;39.69622618;550.30571;368.61;-138.48;368.61;-138.48;374.08;368.48;0.004;-11.91;-11.91;440.55;KAN4;KAZN;Uzbekistan
1999551.36;4489596.674;4052443.817;65.99303342;39.6962447;550.42517;368.61;-138.48;368.61;-138.48;374.08;368.48;0.004;-11.91;-11.91;440.55;KAN5;KAZN;Uzbekistan
1999547.12;4489600.729;4052440.821;65.9930978;39.69621255;550.03357;368.61;-138.48;368.61;-138.48;374.08;368.48;0.004;-11.91;-11.91;440.55;KAZN;KAZN;Uzbekistan
1636670.762;4454043.06;4249441.87;69.82377396;42.03633886;1253.49574;-1.69;0.87;-1.69;0.87;0.16;0.15;0.029;-0.85;-0.85;0.51;KAZY;KAZY;Kazakhstan
1214402.701;4643757.43;4189214.768;75.34461706;41.30406712;2067.83472;-1.11;7.93;-1.11;7.93;0.1;0.12;0.02;2.39;2.39;0.36;KBK4;KBK4;Kyrgyzstan
1215841.081;4648693.48;4183842.8;75.34291503;41.23721084;2387.16125;-1.15;8.14;-1.15;8.14;0.12;0.14;-0.036;2.07;2.07;0.46;KBL4;KBUL;Kyrgyzstan
1496083.22;4491803.8;4264458.985;71.57865284;42.2019286;3295.05028;-1.31;1.15;-1.31;1.15;0.06;0.07;-0.024;0.94;0.94;0.18;KBU4;KBUR;Kyrgyzstan
1496083.414;4491807.36;4264451.623;71.57866422;42.20185874;3292.6525;-1.31;1.15;-1.31;1.15;0.06;0.07;-0.024;0.94;0.94;0.18;KBU5;KBUR;Kyrgyzstan
1496081.886;4491802.058;4264462.616;71.5786615;42.20196534;3295.95339;-1.31;1.15;-1.31;1.15;0.06;0.07;-0.024;0.94;0.94;0.18;KBUR;KBUR;Kyrgyzstan
1196702.288;4631436.471;4208250.387;75.51239194;41.53007487;2378.57169;-0.75;6.63;-0.75;6.63;0.11;0.12;-0.011;0.77;0.77;0.41;KDJ4;KDJY;Kyrgyzstan
1196700.29;4631436.676;4208249.688;75.51241572;41.53007196;2377.88276;-0.75;6.63;-0.75;6.63;0.11;0.12;-0.011;0.77;0.77;0.41;KDJ5;KDJY;Kyrgyzstan
1196701.464;4631438.95;4208245.283;75.51240893;41.53002739;2376.8306;-0.75;6.63;-0.75;6.63;0.11;0.12;-0.011;0.77;0.77;0.41;KDJY;KDJY;Kyrgyzstan
1211468.331;4551008.054;4290111.034;75.09366633;42.52352434;2174.96412;0.41;2.61;0.41;2.61;1;1.1;-0.284;4.9;4.9;4.03;KEG4;KEGT;Kyrgyzstan
1211459.702;4551004.125;4290110.762;75.09375549;42.52355913;2170.34652;0.41;2.61;0.41;2.61;1;1.1;-0.284;4.9;4.9;4.03;KEG5;KEGT;Kyrgyzstan
1211469.142;4551008.365;4290110.036;75.09365777;42.52351462;2174.66529;0.41;2.61;0.41;2.61;1;1.1;-0.284;4.9;4.9;4.03;KEGT;KEGT;Kyrgyzstan
1130432.244;4553243.363;4309013.975;76.05710306;42.75852896;1722.39704;-0.54;2.09;-0.54;2.09;0.08;0.09;0.028;0.54;0.54;0.3;KEK4;KEKE;Kyrgyzstan
1130431.94;4553252.315;4309004.338;76.05713301;42.75841265;1722.17944;-0.54;2.09;-0.54;2.09;0.08;0.09;0.028;0.54;0.54;0.3;KEK5;KEKE;Kyrgyzstan
1130430.846;4553256.926;4308998.008;76.05715954;42.75834509;1720.97388;-0.54;2.09;-0.54;2.09;0.08;0.09;0.029;0.54;0.54;0.3;KEK6;KEKE;Kyrgyzstan
1130434.987;4553245.735;4309010.048;76.05707753;42.75848491;1721.90594;-0.54;2.09;-0.54;2.09;0.08;0.09;0.028;0.54;0.54;0.3;KEKE;KEKE;Kyrgyzstan
1087791.787;4616958.831;4252775.591;76.74244821;42.06979544;2109.91677;0.11;7.74;0.11;7.74;0.07;0.07;0.004;0.32;0.32;0.19;EKS4;KEKS;Kyrgyzstan
1394400.47;4615650.116;4163460.949;73.19029032;41.00063087;1501.17631;-2.65;6.22;-2.65;6.22;0.08;0.09;0.03;0.89;0.89;0.33;KJA1;KJAR;Kyrgyzstan
1394394.994;4615652.352;4163465.636;73.19036029;41.00065943;1504.67174;-2.65;6.22;-2.65;6.22;0.08;0.09;0.03;0.89;0.89;0.33;KJA4;KJAR;Kyrgyzstan
1394395.958;4615652.927;4163464.308;73.19035131;41.00064551;1504.4262;-2.65;6.22;-2.65;6.22;0.08;0.09;0.03;0.89;0.89;0.33;KJA5;KJAR;Kyrgyzstan
1394401.77;4615648.793;4163463.35;73.19027098;41.00065245;1502.08013;-2.65;6.22;-2.65;6.22;0.08;0.09;0.03;0.89;0.89;0.33;KJA6;KJAR;Kyrgyzstan
1394394.811;4615652.107;4163466.148;73.19036153;41.00066461;1504.79102;-2.65;6.22;-2.65;6.22;0.08;0.09;0.03;0.89;0.89;0.33;KJA7;KJAR;Kyrgyzstan
1394400.249;4615648.413;4163464.806;73.19028697;41.00066709;1502.42832;-2.65;6.22;-2.65;6.22;0.08;0.09;0.03;0.89;0.89;0.33;KJAR;KJAR;Kyrgyzstan
1367000.68;4563286.397;4228501.084;73.32362666;41.78534665;967.97761;-0.85;2.1;-0.85;2.1;0.27;0.34;0.128;-0.42;-0.42;1.23;KJG4;KJGH;Kyrgyzstan
1459629.541;4696276.024;4052349.343;72.73445549;39.67755336;2904.00425;-1.02;7.29;-1.02;7.29;0.09;0.09;-0.01;0.03;0.03;0.3;KKAB;KKAB;Kyrgyzstan
1459627.062;4696278.318;4052347.273;72.734491;39.67753066;2903.80285;-1.02;7.29;-1.02;7.29;0.09;0.09;-0.01;0.03;0.03;0.3;KKB4;KKAB;Kyrgyzstan
1459634.205;4696275.307;4052348.592;72.73440113;39.67754414;2904.06326;-1.02;7.29;-1.02;7.29;0.09;0.09;-0.01;0.03;0.03;0.3;KKB5;KKAB;Kyrgyzstan
1403240.292;4559462.268;4221223.082;72.89349635;41.69528434;1249.28491;-1.82;3.28;-1.82;3.28;0.12;0.11;-0.032;0.83;0.83;0.44;KKA4;KKAU;Kyrgyzstan
1403242.847;4559459.369;4221224.588;72.89345679;41.69530655;1248.77916;-1.82;3.28;-1.82;3.28;0.12;0.11;-0.032;0.83;0.83;0.44;KKA5;KKAU;Kyrgyzstan
1403240.457;4559464.688;4221218.958;72.89350301;41.69524248;1248.30535;-1.82;3.28;-1.82;3.28;0.12;0.11;-0.032;0.83;0.83;0.44;KKA6;KKAU;Kyrgyzstan
1403239.909;4559464.224;4221220.392;72.89350766;41.69525575;1248.80749;-1.82;3.28;-1.82;3.28;0.12;0.11;-0.031;0.83;0.83;0.44;KKAU;KKAU;Kyrgyzstan
1240076.216;4604908.484;4225991.364;74.9281108;41.73661626;3263.54693;-0.98;5.19;-0.98;5.19;0.07;0.07;0.01;1.24;1.24;0.19;KKC4;KKCH;Kyrgyzstan
1240072.391;4604903.398;4225996.222;74.92813929;41.73668426;3262.37472;-0.98;5.19;-0.98;5.19;0.07;0.07;0.01;1.24;1.24;0.19;KKC5;KKCH;Kyrgyzstan
1240076.173;4604899.943;4225998.775;74.92808461;41.7367155;3262.3182;-0.98;5.19;-0.98;5.19;0.07;0.07;0.01;1.24;1.24;0.19;KKC6;KKCH;Kyrgyzstan
1240072.567;4604908.8;4225990.694;74.92815412;41.73661562;3262.621;-0.98;5.19;-0.98;5.19;0.07;0.07;0.01;1.24;1.24;0.19;KKCH;KKCH;Kyrgyzstan
1134163.679;4619145.425;4239309.35;76.20476428;41.90161631;2744.09804;-0.55;7.69;-0.55;7.69;0.12;0.13;0.009;-0.22;-0.22;0.48;KKD4;KKDJ;Kyrgyzstan
1134173.524;4619139.897;4239309.796;76.20463323;41.90163746;2742.14674;-0.55;7.69;-0.55;7.69;0.12;0.13;0.009;-0.22;-0.22;0.48;KKD5;KKDJ;Kyrgyzstan
1134168.709;4619151.337;4239302.976;76.20472242;41.9015319;2745.00645;-0.55;7.69;-0.55;7.69;0.12;0.13;0.009;-0.22;-0.22;0.48;KKD6;KKDJ;Kyrgyzstan
1134168.188;4619142.148;4239310.544;76.20470212;41.90163697;2743.32667;-0.55;7.69;-0.55;7.69;0.12;0.13;0.009;-0.22;-0.22;0.48;KKDJ;KKDJ;Kyrgyzstan
1212099.823;4625138.289;4210857.296;75.31486537;41.56087194;2447.87849;-0.77;5.82;-0.77;5.82;0.12;0.14;-0.011;-0.44;-0.44;0.55;KKG4;KKG4;Kyrgyzstan
1212501.38;4571778.151;4268641.974;75.14629562;42.25743843;2722.58746;-0.94;3.62;-0.94;3.62;0.07;0.07;-0.012;0.89;0.89;0.2;KKO4;KKOL;Kyrgyzstan
1212499.95;4571777.063;4268643.029;75.14630898;42.25745404;2722.24728;-0.94;3.62;-0.94;3.62;0.07;0.07;-0.012;0.89;0.89;0.2;KKO5;KKOL;Kyrgyzstan
1212499.426;4571785.006;4268637.874;75.14633978;42.25737405;2724.36365;-0.94;3.62;-0.94;3.62;0.07;0.07;-0.012;0.89;0.89;0.2;KKO6;KKOL;Kyrgyzstan
1212498.929;4571782.143;4268640.204;75.14633672;42.25740709;2723.78818;-0.94;3.62;-0.94;3.62;0.07;0.07;-0.012;0.89;0.89;0.2;KKOL;KKOL;Kyrgyzstan
1203020.54;4668528.843;4165489.324;75.54997175;41.01818198;2350.20599;-0.98;9.91;-0.98;9.91;0.34;0.35;0.03;1.66;1.66;1.5;KKOY;KKOY;Kyrgyzstan
1203004.351;4668521.782;4165505.307;75.55013713;41.01835478;2352.48897;-0.98;9.91;-0.98;9.91;0.34;0.35;0.03;1.66;1.66;1.5;KKY1;KKOY;Kyrgyzstan
1203008.417;4668525.425;4165500.708;75.55010115;41.01829672;2352.89843;-0.98;9.91;-0.98;9.91;0.34;0.35;0.03;1.66;1.66;1.5;KKY2;KKOY;Kyrgyzstan
1203020.911;4668528.956;4165489.336;75.54996782;41.01818087;2350.36676;-0.98;9.91;-0.98;9.91;0.34;0.35;0.03;1.66;1.66;1.5;KKY3;KKOY;Kyrgyzstan
1203012.717;4668529.753;4165495.027;75.55006449;41.01822704;2353.1412;-0.98;9.91;-0.98;9.91;0.34;0.35;0.03;1.66;1.66;1.5;KKY4;KKOY;Kyrgyzstan
1203006.561;4668521.9;4165504.521;75.55011204;41.01834551;2352.47551;-0.98;9.91;-0.98;9.91;0.34;0.35;0.03;1.66;1.66;1.5;KKY5;KKOY;Kyrgyzstan
1203016.564;4668531.905;4165490.327;75.55002659;41.01817713;2352.35396;-0.98;9.91;-0.98;9.91;0.34;0.35;0.03;1.66;1.66;1.5;KKY6;KKOY;Kyrgyzstan
1574072.513;4377439.458;4349933.897;70.22204928;43.27107577;665.10235;-0.74;0.63;-0.74;0.63;0.28;0.28;0.004;3.54;3.54;1.18;KKT1;KKTL;Kazakhstan
1574073.614;4377436.29;4349936.506;70.22202331;43.27110896;664.99237;-0.74;0.63;-0.74;0.63;0.28;0.28;0.004;3.54;3.54;1.18;KKT4;KKTL;Kazakhstan
1574076.678;4377433.898;4349937.163;70.22197782;43.27112075;664.55779;-0.74;0.63;-0.74;0.63;0.28;0.28;0.004;3.54;3.54;1.18;KKT5;KKTL;Kazakhstan
1574075.564;4377437.712;4349934.386;70.22200663;43.27108274;664.9934;-0.74;0.63;-0.74;0.63;0.28;0.28;0.004;3.54;3.54;1.18;KKT6;KKTL;Kazakhstan
1574066.348;4377433.552;4349940.326;70.22209611;43.27116505;663.94445;-0.74;0.63;-0.74;0.63;0.28;0.28;0.004;3.54;3.54;1.18;KKTL;KKTL;Kazakhstan
1601350.667;4644008.993;4057032.615;70.974744;39.74181407;1640.212;-1.24;4.82;-1.24;4.82;0.08;0.08;-0.047;1.36;1.36;0.25;KLM4;KLMD;Kyrgyzstan
1601349.521;4644007.533;4057033.958;70.97475107;39.74183347;1639.72194;-1.24;4.82;-1.24;4.82;0.08;0.08;-0.047;1.36;1.36;0.25;KLM5;KLMD;Kyrgyzstan
1601352.349;4644008.132;4057032.81;70.97472218;39.74181695;1640.13262;-1.24;4.82;-1.24;4.82;0.08;0.08;-0.047;1.36;1.36;0.25;KLMD;KLMD;Kyrgyzstan
1172883.868;4611445.683;4237106.853;75.7298578;41.8753313;2701.93234;-0.71;6.03;-0.71;6.03;0.11;0.12;-0.107;0.96;0.96;0.42;NGS4;KNGS;Kyrgyzstan
1172886.726;4611443.825;4237106.264;75.72981892;41.87533393;2700.72296;-0.71;6.03;-0.71;6.03;0.11;0.12;-0.107;0.96;0.96;0.42;NGS5;KNGS;Kyrgyzstan
1558847.537;4649254.333;4069081.878;71.46422311;39.87540138;2657.68381;-1.19;5.62;-1.19;5.62;0.09;0.09;0.078;0.71;0.71;0.3;KNG4;KNGT;Kyrgyzstan
1558849.582;4649253.306;4069082.267;71.46419664;39.87540594;2657.68508;-1.19;5.62;-1.19;5.62;0.09;0.09;0.078;0.71;0.71;0.3;KNG5;KNGT;Kyrgyzstan
1558846.664;4649253.287;4069083.373;71.46422889;39.87541904;2657.66797;-1.19;5.62;-1.19;5.62;0.09;0.09;0.078;0.71;0.71;0.3;KNGT;KNGT;Kyrgyzstan
1531255.439;4432082.393;4310572.466;70.94030407;42.7830311;1074.40508;-1.56;0.31;-1.56;0.31;0.22;0.21;0.028;1.83;1.83;0.86;KTA6;KTAU;Kazakhstan
1531252.531;4432085.47;4310570.482;70.94034994;42.78300601;1074.49493;-1.56;0.31;-1.56;0.31;0.22;0.21;0.028;1.83;1.83;0.86;KTAU;KTAU;Kazakhstan
814333.0077;4552072.232;4378873.043;79.85748439;43.63042168;596.69056;1.12;5.21;1.12;5.21;0.3;0.32;0.025;-0.28;-0.28;1.27;KUD4;KUD4;Kazakhstan
1195229.452;4644545.065;4193653.426;75.56860674;41.35815726;1956.29878;-0.9;8.84;-0.9;8.84;0.09;0.09;-0.016;1.13;1.13;0.34;KULA;KULA;Kyrgyzstan
1195236.243;4644542.972;4193651.907;75.56852194;41.35814899;1955.04463;-0.9;8.84;-0.9;8.84;0.09;0.09;-0.016;1.13;1.13;0.34;KUN4;KULA;Kyrgyzstan
1195250.178;4644538.29;4193649.431;75.56834677;41.35813857;1952.61177;-0.9;8.84;-0.9;8.84;0.09;0.09;-0.016;1.13;1.13;0.34;KUN5;KULA;Kyrgyzstan
1195211.53;4644553.285;4193655.6;75.56883857;41.35815117;1960.35847;-0.9;8.84;-0.9;8.84;0.09;0.09;-0.016;1.13;1.13;0.34;KUN6;KULA;Kyrgyzstan
1195204.519;4644556.414;4193654.258;75.568929;41.35813447;1960.43447;-0.9;8.84;-0.9;8.84;0.09;0.09;-0.016;1.13;1.13;0.34;KUN7;KULA;Kyrgyzstan
1145592.985;4698763.081;4149137.17;76.29818128;40.81641176;3246.89137;0.16;11.69;0.16;11.69;0.07;0.08;0.013;2.04;2.04;0.22;KUL4;KULJ;Kyrgyzstan
1145579.757;4698764.957;4149140.924;76.2983388;40.81644505;3248.35359;0.16;11.69;0.16;11.69;0.07;0.08;0.013;2.04;2.04;0.22;KUL6;KULJ;Kyrgyzstan
1145576.201;4698764.752;4149143.211;76.29837915;40.81646675;3249.06014;0.16;11.69;0.16;11.69;0.07;0.08;0.013;2.04;2.04;0.22;KULJ;KULJ;Kyrgyzstan
1585325.638;4501907.388;4219356.212;70.60052329;41.66852844;1780.21828;-1.56;1.01;-1.56;1.01;0.08;0.08;0.006;0.74;0.74;0.25;KUM4;KUMB;Kyrgyzstan
1585328.283;4501911.105;4219352.47;70.60050816;41.66847704;1781.00563;-1.56;1.01;-1.56;1.01;0.08;0.08;0.006;0.74;0.74;0.25;KUM5;KUMB;Kyrgyzstan
1585324.005;4501908.144;4219355.04;70.6005448;41.66851955;1779.56659;-1.56;1.01;-1.56;1.01;0.08;0.08;0.006;0.74;0.74;0.25;KUM6;KUMB;Kyrgyzstan
1585329.441;4501907.327;4219354.592;70.60047999;41.66851034;1780.04155;-1.56;1.01;-1.56;1.01;0.08;0.08;0.006;0.74;0.74;0.25;KUMB;KUMB;Kyrgyzstan
973446.9543;4659305.874;4237455.67;78.19920768;41.86779803;4158.51482;2.27;5.46;2.27;5.46;0.05;0.06;0;5.28;5.28;0.07;KMTR;KUMT;Kyrgyzstan
974207.2463;4659359.971;4237004.254;78.19038291;41.86352131;4012.51656;3.64;11.45;-34.73;-64.93;0.14;0.14;0.004;5.77;1.07;0.25;KUMT;KUMT;Kyrgyzstan
974207.2463;4659359.971;4237004.254;78.19038291;41.86352131;4012.51656;3.64;11.45;-34.73;-64.93;0.14;0.14;0.004;5.77;1.07;0.25;KUMT;KUMT;Kyrgyzstan
974207.2463;4659359.971;4237004.254;78.19038291;41.86352131;4012.51656;3.64;11.45;-34.73;-64.93;0.14;0.14;0.004;5.77;1.07;0.25;KUMT;KUMT;Kyrgyzstan
951108.7427;4537326.611;4367252.22;78.16114374;43.48268285;997.27134;0.43;2.64;0.43;2.64;0.22;0.25;0.011;0.38;0.38;0.98;KRM6;KURA;Kazakhstan
951120.9656;4537324.06;4367253.063;78.16098942;43.48268829;997.85942;0.43;2.64;0.43;2.64;0.22;0.25;0.011;0.38;0.38;0.98;KURA;KURA;Kazakhstan
1195137.166;4487322.716;4358847.883;75.0862534;43.3794346;891.32019;-1.4;0.96;-1.4;0.96;0.12;0.13;-0.004;1.32;1.32;0.47;KUR4;KURD;Kazakhstan
1195135.068;4487322.483;4358848.52;75.08627767;43.37944349;891.20138;-1.4;0.96;-1.4;0.96;0.12;0.13;-0.004;1.32;1.32;0.47;KUR5;KURD;Kazakhstan
1195132.214;4487319.75;4358851.36;75.08630302;43.37948294;890.69925;-1.4;0.96;-1.4;0.96;0.12;0.13;-0.004;1.32;1.32;0.47;KUR6;KURD;Kazakhstan
1195134.016;4487322.71;4358848.366;75.08629093;43.37944281;891.05853;-1.4;0.96;-1.4;0.96;0.12;0.13;-0.004;1.32;1.32;0.47;KURD;KURD;Kazakhstan
1195141.356;4487322.402;4358845.683;75.08620244;43.37941542;890.37262;-1.4;0.96;-1.4;0.96;0.12;0.13;-0.004;1.32;1.32;0.47;URD1;KURD;Kazakhstan
150500.4597;4085175.51;4881374.434;87.89014128;50.24451434;1492.7227;-2.3;-0.22;-2.3;-0.22;0.7;0.71;0.003;4.46;4.46;3.24;KURN;KURN;Russia
1135152.383;4707508.002;4142303.055;76.44270804;40.73433818;3356.30246;-0.04;12.44;-0.04;12.44;0.1;0.11;0.026;2.03;2.03;0.35;KRU4;KURU;Kyrgyzstan
1349051.8;4603406.993;4192568.533;73.66650924;41.34405436;2094.41177;-1.67;5.46;-1.67;5.46;0.21;0.25;0.005;19.71;19.71;0.99;KRV1;KURV;Kyrgyzstan
1349052.523;4603406.034;4192569.318;73.66649774;41.34406393;2094.3926;-1.67;5.46;-1.67;5.46;0.21;0.25;0.005;19.71;19.71;0.99;KRV2;KURV;Kyrgyzstan
1349037.134;4603413.071;4192566.148;73.66669777;41.34402809;2094.11935;-1.67;5.46;-1.67;5.46;0.21;0.25;0.005;19.71;19.71;0.99;KRV4;KURV;Kyrgyzstan
1349035.587;4603407.496;4192573.337;73.66669677;41.34411107;2094.52509;-1.67;5.46;-1.67;5.46;0.21;0.25;0.005;19.71;19.71;0.99;KRV5;KURV;Kyrgyzstan
1349047.684;4603406.887;4192569.796;73.66655607;41.34407038;2094.30086;-1.67;5.46;-1.67;5.46;0.21;0.25;0.005;19.71;19.71;0.99;KURV;KURV;Kyrgyzstan
1087395.451;4473791.575;4399955.538;76.3386582;43.89375834;523.66726;-1.24;0.72;-1.24;0.72;0.12;0.13;-0.007;0.46;0.46;0.48;KURT;KURY;Kazakhstan
1216533.689;4583428.158;4254927.609;75.13528788;42.09169314;2626.35075;-1.04;4.37;-1.04;4.37;0.06;0.07;0.009;1.02;1.02;0.17;KYZ5;KYZA;Kyrgyzstan
1216531.502;4583427.448;4254929.231;75.13531123;42.0917115;2626.51216;-1.04;4.37;-1.04;4.37;0.06;0.07;0.009;1.02;1.02;0.17;KYZ6;KYZA;Kyrgyzstan
1216530.417;4583425.84;4254931.208;75.13531892;42.09173575;2626.47808;-1.04;4.37;-1.04;4.37;0.06;0.07;0.009;1.02;1.02;0.17;KYZA;KYZA;Kyrgyzstan
1177095.068;4713083.318;4124524.717;75.97720997;40.52257134;3477.12016;0.97;10.75;0.97;10.75;0.09;0.1;0.004;0.86;0.86;0.29;KZY4;KZYL;Kyrgyzstan
1177096.306;4713082.708;4124524.21;75.97719405;40.52256957;3476.56876;0.97;10.75;0.97;10.75;0.09;0.1;0.004;0.86;0.86;0.29;KZY5;KZYL;Kyrgyzstan
1177094.2;4713081.273;4124526.7;75.97721406;40.52259773;3476.74121;0.97;10.75;0.97;10.75;0.09;0.1;0.004;0.86;0.86;0.29;KZYL;KZYL;Kyrgyzstan
938384.5601;4536663.396;4370234.028;78.31348244;43.5222395;697.44967;1.25;3.28;1.25;3.28;0.29;0.31;0.03;0.15;0.15;1.25;KZZ4;KZZ4;Kazakhstan
1684757.453;4612078.6;4059870.314;69.93313341;39.77404174;1774.96182;-1.51;3.35;-1.51;3.35;0.12;0.13;-0.011;0.22;0.22;0.48;LAM4;LAMZ;Kyrgyzstantan
1592131.665;4808650.019;3866691.115;71.68042543;37.54229532;2303.8977;-10.52;14;-10.52;14;0.09;0.09;-0.012;9.02;9.02;0.16;MANM;MANM;Tajikistan
912845.2901;4487232.932;4427135.644;78.50113499;44.22535001;1528.74729;-0.48;1.39;-0.48;1.39;0.26;0.27;0.024;1.29;1.29;1.06;MAT4;MAT4;Kazakhstan
912843.2492;4487230.622;4427137.963;78.50115425;44.22538172;1528.45127;-0.48;1.39;-0.48;1.39;0.26;0.27;0.024;1.29;1.29;1.06;MAT5;MAT4;Kazakhstan
1359476.331;4536591.156;4261786.555;73.31814945;42.17500517;2616.68988;-0.4;2.02;-0.4;2.02;0.07;0.07;0.001;0.11;0.11;0.2;MUST;MUST;Kyrgyzstan
1570500.13;4580249.201;4138144.354;71.07391191;40.70841938;326.36541;-134.89;53.47;-134.89;53.47;370.73;376.54;-0.021;-11.8;-11.8;530.96;NAM4;NAM4;Uzbekistan
1138061.92;4652453.691;4201088.825;76.25448815;41.4455334;2189.23866;-0.91;9.64;-0.91;9.64;0.06;0.06;0.027;-1.16;-1.16;0.19;NAR6;NARY;Kyrgyzstan
1138054.627;4652458.697;4201087.282;76.25458713;41.44550435;2190.56302;-0.91;9.64;-0.91;9.64;0.06;0.06;0.027;-1.16;-1.16;0.19;NAR7;NARY;Kyrgyzstan
1138056.907;4652460.08;4201085.351;76.25456457;41.44548009;2190.69784;-0.91;9.64;-0.91;9.64;0.06;0.06;0.027;-1.16;-1.16;0.19;NARY;NARY;Kyrgyzstan
816819.3383;4632347.724;4296304.424;79.99986264;42.59916405;2178.6219;1.88;9.2;1.88;9.2;0.34;0.35;0.021;-1.16;-1.16;1.61;NBA4;NBAN;Kazakhstan
879688.5116;4615826.765;4301663.744;79.20991177;42.66454872;2198.89016;0.56;8.95;0.56;8.95;0.14;0.16;0.011;-0.21;-0.21;0.65;NKR4;NKRA;Kyrgyzstan
948732.1433;4574889.641;4329790.689;78.28417258;43.01338293;1761.60051;4.28;4.15;4.28;4.15;0.29;0.32;0.028;-2.96;-2.96;1.44;NKU4;NKUR;Kazakhstan
1257412.229;4593078.186;4232315.644;74.68969195;41.82027639;2350.8272;-1.03;4.72;-1.03;4.72;0.08;0.08;-0.022;0.59;0.59;0.27;NRK6;NRKK;Kyrgyzstan
1257415.369;4593078.966;4232315.488;74.68965799;41.82026585;2351.9012;-1.03;4.72;-1.03;4.72;0.08;0.08;-0.022;0.59;0.59;0.27;NRKK;NRKK;Kyrgyzstan
1350686.918;4637871.004;4153365.394;73.76285855;40.87964597;1586.89008;-2.77;7.73;-2.77;7.73;0.08;0.09;-0.034;0.64;0.64;0.3;NSB4;NSBK;Kyrgyzstan
1350684.249;4637870.698;4153367.108;73.76288794;40.87966377;1587.22581;-2.77;7.73;-2.77;7.73;0.08;0.09;-0.034;0.64;0.64;0.3;NSB5;NSBK;Kyrgyzstan
1350686.34;4637871.901;4153365.006;73.76286811;40.87963921;1587.16514;-2.77;7.73;-2.77;7.73;0.08;0.09;-0.034;0.64;0.64;0.3;NSB6;NSBK;Kyrgyzstan
1350678.168;4637881.201;4153362.081;73.76299201;40.87958016;1590.2745;-2.77;7.73;-2.77;7.73;0.1;0.09;-0.027;0.64;0.64;0.3;NSBK;NSBK;Kyrgyzstan
1269035.912;4512304.757;4312186.681;74.29194817;42.80461597;860.09798;-1.17;2.93;-1.17;2.93;0.38;0.43;-0.013;5.43;5.43;1.36;NSO4;NSO4;Kyrgyzstan
1269033.423;4512302.525;4312189.154;74.29197007;42.80464957;859.70783;-1.17;2.93;-1.17;2.93;0.38;0.43;-0.013;5.43;5.43;1.36;NSO5;NSO4;Kyrgyzstan
1171143.381;4645112.746;4199982.475;75.84928815;41.43300727;2093.91374;-1.43;9.62;-1.43;9.62;0.08;0.09;0.005;1.4;1.4;0.28;OBO4;OBOB;Kyrgyzstan
1171146.061;4645110.754;4199982.324;75.84925125;41.43301386;2092.85672;-1.43;9.62;-1.43;9.62;0.08;0.09;0.005;1.4;1.4;0.28;OBO5;OBOB;Kyrgyzstan
1171144.856;4645112.75;4199980.611;75.84927105;41.43299252;2092.95317;-1.43;9.62;-1.43;9.62;0.08;0.09;0.005;1.4;1.4;0.28;OBOB;OBOB;Kyrgyzstan
1264272.26;4574120.704;4250388.655;74.54937217;42.04027133;2182.80386;-1.04;3.6;-1.04;3.6;0.07;0.07;-0.005;0.74;0.74;0.2;OGI4;OGIN;Kyrgyzstan
1264264.002;4574118.757;4250394.454;74.549462;42.04033466;2183.66011;-1.04;3.6;-1.04;3.6;0.07;0.07;-0.005;0.74;0.74;0.2;OGIN;OGIN;Kyrgyzstan
1851148.942;4506801.889;4102857.482;67.66980956;40.2904821;334.45586;-7.67;-410.77;-7.67;-410.77;432.56;441.73;-0.011;-68.21;-68.21;730.25;OKT1;OKTO;Uzbekistan
1157846.123;4637872.066;4212238.628;75.98261616;41.57680943;2533.03013;-0.82;8.12;-0.82;8.12;0.1;0.11;-0.004;1.17;1.17;0.37;ONA4;ONAR;Kyrgyzstan
1157847.578;4637870.4;4212240.758;75.9825944;41.57683132;2533.49836;-0.82;8.12;-0.82;8.12;0.1;0.11;-0.004;1.17;1.17;0.37;ONA5;ONAR;Kyrgyzstan
1157846.098;4637872.301;4212236.814;75.98261713;41.57679589;2531.99181;-0.82;8.12;-0.82;8.12;0.1;0.11;-0.004;1.17;1.17;0.37;ONA7;ONAR;Kyrgyzstan
1239943.676;4527235.484;4305654.719;74.68313783;42.721084;1275.2098;-1.48;2.16;-1.48;2.16;0.1;0.11;-0.006;0.6;0.6;0.32;OREL;OREL;Kyrgyzstan
986898.183;4610962.298;4282909.477;77.91908636;42.43986388;1662.93543;-0.53;7.74;-0.53;7.74;0.06;0.06;0.011;2.02;2.02;0.16;ORG4;ORGO;Kyrgyzstan
986947.8717;4610931.523;4282938.785;77.9184177;42.44017815;1668.17933;-0.53;7.74;-0.53;7.74;0.06;0.06;0.011;2.02;2.02;0.16;ORGO;ORGO;Kyrgyzstan
1437616.241;4637737.999;4123545.425;72.77749412;40.52993414;1013.30802;-1.21;5.13;-1.21;5.13;0.09;0.09;-0.013;-15.78;-15.78;0.17;OSHK;OSHK;Kyrgyzstan
1437616.241;4637737.999;4123545.425;72.77749412;40.52993414;1013.30802;-1.21;5.13;-1.21;5.13;0.09;0.09;-0.013;-15.78;-15.78;0.17;OSHK;OSHK;Kyrgyzstan
1437616.241;4637737.999;4123545.425;72.77749412;40.52993414;1013.30802;-1.21;5.13;-1.21;5.13;0.09;0.09;-0.013;-15.78;-15.78;0.17;OSHK;OSHK;Kyrgyzstan
1437616.241;4637737.999;4123545.425;72.77749412;40.52993414;1013.30802;-1.21;5.13;-1.21;5.13;0.09;0.09;-0.013;-15.78;-15.78;0.17;OSHK;OSHK;Kyrgyzstan
1440562.383;4637390.32;4122852.555;72.74307661;40.52202636;974.37435;-1.55;6.03;-1.55;6.03;0.07;0.07;0.013;0.56;0.56;0.21;OSH4;OSHQ;Kyrgyzstan